time,tavg,tmin,tmax,prcp,snow,wdir,wspd,wpgt,pres,tsun
2020-01-01,14.1,10.1,17.0,,,,7.5,,1018.2,
2020-01-02,13.1,9.0,16.0,,,,15.8,,1017.0,
2020-01-03,11.8,8.0,15.0,,,,31.0,,1018.9,
2020-01-04,11.7,9.0,15.1,,,,25.2,,1018.6,
2020-01-05,11.8,8.0,16.0,,,,21.5,,1018.6,
2020-01-06,13.4,10.0,17.0,,,,30.9,,1015.5,
2020-01-07,12.4,10.6,15.0,,,,30.6,,1015.7,
2020-01-08,12.2,8.4,16.0,,,,30.4,,1017.5,
2020-01-09,12.0,9.0,15.0,,,,23.0,,1016.8,
2020-01-10,12.1,8.0,16.0,,,,13.7,,1018.4,
2020-01-11,12.7,8.0,17.0,,,,6.2,,1024.2,
2020-01-12,14.4,11.8,18.0,,,,7.2,,1024.4,
2020-01-13,14.1,10.0,18.0,,,,6.9,,1023.8,
2020-01-14,14.6,11.0,18.0,,,,18.2,,1023.0,
2020-01-15,16.5,12.0,21.0,,,,26.4,,1018.3,
2020-01-16,16.0,13.0,18.0,,,,27.1,,1013.1,
2020-01-17,13.8,11.8,17.0,,,,23.6,,1015.1,
2020-01-18,13.9,11.9,16.7,,,,16.7,,1018.4,
2020-01-19,13.3,10.0,16.0,,,,16.6,,1020.6,
2020-01-20,14.4,12.0,17.0,,,,17.3,,1025.5,
2020-01-21,13.2,11.0,16.0,,,,19.6,,1024.8,
2020-01-22,12.8,9.2,16.3,,,,10.6,,1023.8,
2020-01-23,12.8,8.0,16.0,,,,12.9,,1023.2,
2020-01-24,13.4,10.3,16.0,,,,19.3,,1023.4,
2020-01-25,11.4,6.1,17.0,,,,9.9,,1029.0,
2020-01-26,11.8,6.0,17.0,,,,17.8,,1028.6,
2020-01-27,12.7,7.0,19.0,,,,18.3,,1023.3,
2020-01-28,13.3,9.0,17.0,,,,8.0,,1019.8,
2020-01-29,14.9,10.0,18.3,,,,9.7,,1022.2,
2020-01-30,15.5,11.0,19.0,,,,8.3,,1022.0,
2020-01-31,14.6,11.0,19.0,,,,13.7,,1020.8,
2020-02-01,14.1,9.0,18.0,,,,9.6,,1022.2,
2020-02-02,14.6,9.0,19.0,,,,7.4,,1022.7,
2020-02-03,14.2,9.8,18.0,,,,11.5,,1021.8,
2020-02-04,15.3,11.0,19.0,,,,5.6,,1019.6,
2020-02-05,16.9,12.9,21.0,,,,20.6,,1015.2,
2020-02-06,18.3,16.0,22.0,,,,25.8,,1014.8,
2020-02-07,15.9,14.0,19.1,,,,20.9,,1018.1,
2020-02-08,13.3,11.3,16.0,,,,19.4,,1023.2,
2020-02-09,12.2,10.4,15.0,,,,18.6,,1027.2,
2020-02-10,11.8,9.8,14.0,,,,13.5,,1027.2,
2020-02-11,13.0,9.0,18.0,,,,12.0,,1023.9,
2020-02-12,15.5,11.0,20.0,,,,17.9,,1022.5,
2020-02-13,18.2,13.0,24.0,,,,14.0,,1022.0,
2020-02-14,15.6,11.0,20.4,,,,17.1,,1019.6,
2020-02-15,15.4,11.7,21.0,,,,8.3,,1015.4,
2020-02-16,16.3,14.0,19.7,,,,13.2,,1015.4,
2020-02-17,15.3,12.7,19.0,,,,16.9,,1017.6,
2020-02-18,14.0,10.0,19.0,,,,12.0,,1016.8,
2020-02-19,14.0,11.0,20.0,,,,12.4,,1017.9,
2020-02-20,14.5,10.0,19.0,,,,12.6,,1020.0,
2020-02-21,15.6,12.0,20.1,,,,23.7,,1016.4,
2020-02-22,14.2,11.0,17.0,,,,10.9,,1018.9,
2020-02-23,14.9,11.8,18.0,,,,8.3,,1017.9,
2020-02-24,11.6,9.0,16.0,,,,12.1,,1015.6,
2020-02-25,15.0,11.0,20.0,,,,11.6,,1018.1,
2020-02-26,17.3,12.9,22.0,,,,9.1,,1020.6,
2020-02-27,19.8,13.4,25.0,,,,6.5,,1018.9,
2020-02-28,20.9,16.0,26.0,,,,11.0,,1015.8,
2020-02-29,17.1,14.0,21.0,,,,18.1,,1016.8,
2020-03-01,15.4,12.5,19.0,,,,15.3,,1019.8,
2020-03-02,15.3,11.0,20.0,,,,11.6,,1021.4,
2020-03-03,16.4,11.0,23.0,,,,22.3,,1019.4,
2020-03-04,18.9,11.0,26.2,,,,10.5,,1013.7,
2020-03-05,22.0,19.0,26.0,,,,20.6,,1010.3,
2020-03-06,17.8,15.9,20.0,,,,20.1,,1012.7,
2020-03-07,17.5,14.0,22.0,,,,13.0,,1019.0,
2020-03-08,18.1,12.0,25.0,,,,22.6,,1017.9,
2020-03-09,21.1,14.7,30.0,,,,18.2,,1012.3,
2020-03-10,16.5,12.0,21.0,,,,17.7,,1016.3,
2020-03-11,17.2,13.0,23.0,,,,30.1,,1011.9,
2020-03-12,15.6,13.4,17.0,,,,29.3,,1003.9,
2020-03-13,15.3,12.0,18.2,,,,25.6,,999.1,
2020-03-14,18.6,16.0,22.1,,,,11.5,,1013.6,
2020-03-15,19.5,15.7,24.0,,,,11.0,,1016.4,
2020-03-16,20.3,15.1,26.0,,,,14.0,,1014.9,
2020-03-17,15.4,12.2,18.3,,,,23.4,,1015.7,
2020-03-18,14.7,11.0,19.0,,,,20.8,,1017.2,
2020-03-19,14.9,12.0,19.0,,,,20.5,,1018.0,
2020-03-20,13.6,11.0,17.0,,,,21.4,,1016.0,
2020-03-21,13.9,10.0,18.0,,,,14.9,,1015.9,
2020-03-22,15.9,10.0,21.0,,,,10.2,,1016.9,
2020-03-23,22.4,16.0,27.9,,,,24.0,,1010.0,
2020-03-24,19.9,16.0,25.0,,,,12.8,,1010.6,
2020-03-25,17.7,13.9,22.0,,,,18.0,,1013.0,
2020-03-26,19.9,15.5,28.0,,,,22.9,,1007.4,
2020-03-27,20.2,16.7,25.2,,,,24.1,,1007.3,
2020-03-28,17.8,15.0,21.2,,,,15.1,,1016.2,
2020-03-29,19.8,13.0,26.0,,,,12.4,,1015.5,
2020-03-30,24.2,18.0,30.0,,,,19.1,,1010.7,
2020-03-31,25.5,18.0,30.3,,,,32.6,,1007.8,
2020-04-01,19.3,15.8,24.0,,,,15.7,,1014.3,
2020-04-02,19.6,14.9,24.0,,,,11.0,,1015.5,
2020-04-03,22.5,17.0,28.0,,,,16.9,,1015.4,
2020-04-04,26.9,19.0,34.2,,,,26.1,,1011.2,
2020-04-05,25.0,18.9,31.0,,,,22.8,,1011.2,
2020-04-06,19.4,16.0,23.7,,,,15.8,,1016.6,
2020-04-07,18.1,14.0,23.0,,,,14.5,,1016.5,
2020-04-08,18.5,14.0,22.0,,,,19.1,,1015.7,
2020-04-09,18.9,16.0,23.0,,,,12.8,,1014.3,
2020-04-10,17.4,14.5,22.0,,,,15.9,,1014.9,
2020-04-11,18.3,14.0,23.0,,,,11.5,,1016.7,
2020-04-12,19.0,15.0,24.0,,,,14.7,,1018.5,
2020-04-13,19.2,14.4,24.0,,,,16.3,,1017.7,
2020-04-14,19.6,15.0,26.0,,,,19.2,,1017.6,
2020-04-15,21.7,14.9,28.4,,,,12.3,,1017.3,
2020-04-16,21.6,16.3,25.4,,,,20.0,,1012.7,
2020-04-17,19.5,15.0,25.0,,,,19.8,,1013.3,
2020-04-18,20.5,15.8,27.0,,,,16.8,,1014.5,
2020-04-19,21.0,16.0,27.0,,,,23.5,,1013.5,
2020-04-20,21.5,15.4,34.0,,,,18.4,,1012.2,
2020-04-21,24.6,17.0,32.0,,,,13.3,,1010.1,
2020-04-22,26.8,19.8,33.6,,,,26.8,,1007.3,
2020-04-23,22.5,16.9,29.0,,,,13.1,,1011.9,
2020-04-24,24.1,17.9,34.0,,,,29.0,,1005.1,
2020-04-25,19.4,16.0,23.6,,,,19.7,,1011.5,
2020-04-26,20.4,15.8,25.0,,,,14.1,,1013.8,
2020-04-27,23.6,18.0,29.0,,,,10.6,,1012.0,
2020-04-28,22.8,18.0,28.5,,,,19.3,,1011.1,
2020-04-29,20.2,16.0,26.0,,,,16.4,,1014.8,
2020-04-30,21.5,15.8,28.0,,,,14.2,,1014.4,
2020-05-01,25.3,19.0,31.1,,,,11.1,,1012.9,
2020-05-02,23.4,17.0,29.0,,,,14.4,,1012.8,
2020-05-03,23.6,18.0,30.0,,,,14.0,,1011.6,
2020-05-04,25.7,19.8,32.0,,,,15.4,,1010.0,
2020-05-05,21.2,17.9,25.2,,,,20.9,,1012.5,
2020-05-06,21.4,17.0,27.0,,,,14.1,,1015.6,
2020-05-07,24.3,17.2,31.0,,,,10.8,,1013.9,
2020-05-08,26.8,19.1,36.0,,,,17.7,,1009.8,
2020-05-09,22.0,18.0,27.0,,,,17.6,,1013.4,
2020-05-10,22.3,16.8,28.0,,,,13.0,,1016.8,
2020-05-11,23.3,17.0,30.0,,,,25.3,,1017.2,
2020-05-12,25.5,18.0,34.0,,,,29.2,,1015.6,
2020-05-13,26.3,20.0,34.0,,,,25.5,,1014.3,
2020-05-14,26.1,19.0,33.0,,,,20.4,,1011.7,
2020-05-15,26.7,19.3,34.9,,,,24.5,,1010.0,
2020-05-16,28.9,22.0,37.0,,,,17.0,,1009.9,
2020-05-17,31.6,24.0,39.0,,,,17.1,,1009.8,
2020-05-18,32.0,25.8,40.0,,,,19.1,,1009.1,
2020-05-19,33.5,25.0,42.0,,,,17.7,,1008.7,
2020-05-20,36.5,30.4,43.3,,,,19.2,,1007.3,
2020-05-21,36.4,30.0,42.0,,,,14.6,,1006.9,
2020-05-22,27.3,22.6,33.0,,,,19.2,,1013.5,
2020-05-23,24.1,19.9,29.0,,,,19.3,,1016.1,
2020-05-24,21.9,18.0,26.0,,,,23.2,,1016.8,
2020-05-25,23.1,17.0,29.0,,,,12.8,,1016.6,
2020-05-26,24.7,18.9,31.0,,,,16.1,,1014.7,
2020-05-27,23.7,19.0,30.0,,,,17.8,,1015.0,
2020-05-28,23.1,18.8,29.0,,,,19.4,,1016.6,
2020-05-29,22.2,18.4,26.3,,,,19.2,,1017.9,
2020-05-30,22.1,17.2,27.0,,,,22.2,,1017.3,
2020-05-31,23.1,17.0,29.0,,,,22.7,,1015.8,
2020-06-01,28.6,18.8,36.9,,,,18.8,,1010.4,
2020-06-02,26.0,21.5,31.0,,,,19.4,,1009.1,
2020-06-03,26.0,20.8,31.0,,,,13.8,,1011.3,
2020-06-04,25.1,20.9,31.0,,,,23.8,,1012.8,
2020-06-05,24.2,19.6,30.0,,,,24.1,,1014.6,
2020-06-06,26.5,19.0,35.0,,,,18.8,,1012.0,
2020-06-07,31.3,23.0,39.0,,,,15.7,,1008.2,
2020-06-08,26.7,21.6,33.0,,,,18.3,,1009.1,
2020-06-09,26.0,20.0,32.0,,,,16.2,,1010.4,
2020-06-10,29.4,22.0,38.0,,,,14.7,,1011.6,
2020-06-11,29.1,24.0,34.0,,,,14.8,,1012.7,
2020-06-12,30.1,22.4,36.0,,,,14.3,,1011.2,
2020-06-13,30.5,26.0,35.0,,,,14.5,,1007.5,
2020-06-14,26.0,20.9,32.0,,,,19.4,,1009.2,
2020-06-15,26.3,21.0,32.0,,,,19.0,,1011.5,
2020-06-16,28.1,21.3,35.0,,,,19.3,,1010.7,
2020-06-17,32.6,24.0,42.0,,,,17.8,,1008.6,
2020-06-18,26.1,22.0,31.6,,,,18.0,,1011.7,
2020-06-19,26.4,21.9,32.0,,,,15.3,,1011.8,
2020-06-20,27.3,21.6,33.0,,,,16.5,,1011.7,
2020-06-21,31.5,23.7,40.0,,,,13.6,,1008.8,
2020-06-22,29.8,24.8,35.0,,,,13.3,,1010.2,
2020-06-23,29.2,23.4,35.0,,,,20.4,,1012.6,
2020-06-24,27.3,22.6,33.0,,,,22.7,,1014.7,
2020-06-25,25.9,22.0,31.0,,,,21.1,,1012.8,
2020-06-26,27.0,22.8,33.0,,,,22.0,,1009.9,
2020-06-27,28.1,22.6,39.0,,,,17.2,,1008.9,
2020-06-28,28.1,22.0,35.0,,,,15.2,,1008.8,
2020-06-29,28.7,22.6,36.0,,,,12.7,,1008.0,
2020-06-30,28.4,23.4,34.0,,,,13.7,,1007.1,
2020-07-01,28.5,23.3,34.0,,,,12.0,,1006.4,
2020-07-02,30.4,24.5,36.0,,,,13.4,,1005.1,
2020-07-03,30.4,24.8,36.2,,,,13.6,,1005.9,
2020-07-04,30.0,25.0,35.4,,,,13.5,,1007.7,
2020-07-05,30.0,25.0,35.2,,,,15.4,,1005.7,
2020-07-06,30.6,24.8,35.4,,,,12.8,,1004.0,
2020-07-07,31.4,27.1,36.0,,,,15.2,,1004.3,
2020-07-08,29.3,25.0,34.0,,,,16.0,,1008.1,
2020-07-09,28.4,24.0,32.6,,,,13.7,,1008.4,
2020-07-10,29.1,25.0,34.0,,,,16.2,,1008.4,
2020-07-11,29.5,24.4,35.1,,,,16.6,,1009.4,
2020-07-12,28.2,24.0,34.0,,,,15.2,,1007.3,
2020-07-13,28.3,23.3,34.0,,,,13.9,,1005.1,
2020-07-14,29.3,23.5,35.0,,,,13.3,,1005.9,
2020-07-15,28.8,24.9,34.0,,,,15.2,,1009.4,
2020-07-16,27.3,23.0,32.0,,,,18.3,,1008.9,
2020-07-17,27.8,23.0,33.0,,,,14.5,,1007.1,
2020-07-18,28.2,23.3,33.0,,,,14.7,,1007.3,
2020-07-19,28.0,23.0,33.1,,,,18.5,,1007.7,
2020-07-20,28.8,24.0,34.0,,,,19.7,,1009.1,
2020-07-21,28.4,23.5,34.0,,,,18.6,,1008.9,
2020-07-22,28.5,23.7,34.2,,,,16.3,,1005.5,
2020-07-23,29.6,25.0,35.0,,,,13.5,,1003.6,
2020-07-24,29.9,23.9,36.0,,,,13.0,,1005.1,
2020-07-25,28.9,24.0,35.0,,,,14.0,,1006.3,
2020-07-26,28.6,23.0,34.0,,,,17.0,,1007.4,
2020-07-27,28.5,24.0,34.0,,,,16.8,,1007.4,
2020-07-28,29.0,24.5,34.0,,,,17.8,,1007.2,
2020-07-29,29.8,24.5,36.0,,,,13.3,,1008.3,
2020-07-30,30.3,25.0,36.0,,,,12.5,,1009.7,
2020-07-31,30.7,25.0,37.0,,,,11.9,,1008.6,
2020-08-01,30.9,26.4,36.0,,,,11.4,,1005.3,
2020-08-02,31.2,25.0,37.0,,,,9.6,,1005.0,
2020-08-03,31.1,25.7,37.0,,,,15.5,,1007.4,
2020-08-04,30.8,26.9,36.0,,,,13.5,,1006.9,
2020-08-05,29.0,24.5,34.0,,,,13.6,,1006.7,
2020-08-06,30.1,24.9,37.0,,,,13.5,,1008.4,
2020-08-07,30.9,25.0,38.0,,,,13.9,,1009.7,
2020-08-08,31.1,26.0,37.0,,,,11.6,,1008.9,
2020-08-09,29.7,25.0,34.6,,,,12.9,,1007.9,
2020-08-10,30.2,26.0,35.0,,,,12.9,,1008.6,
2020-08-11,29.6,25.9,34.1,,,,12.8,,1009.8,
2020-08-12,29.4,25.8,35.4,,,,13.6,,1009.1,
2020-08-13,28.9,24.7,34.0,,,,14.9,,1007.8,
2020-08-14,29.9,24.7,36.0,,,,13.3,,1006.7,
2020-08-15,29.9,25.0,36.0,,,,13.6,,1005.6,
2020-08-16,30.4,24.8,37.0,,,,12.3,,1005.7,
2020-08-17,30.0,24.0,36.0,,,,14.8,,1006.5,
2020-08-18,28.7,24.9,34.0,,,,16.7,,1006.9,
2020-08-19,28.2,23.9,33.0,,,,12.4,,1005.7,
2020-08-20,28.5,24.0,34.0,,,,13.6,,1006.4,
2020-08-21,28.9,24.9,35.0,,,,15.0,,1007.3,
2020-08-22,28.7,24.6,34.0,,,,17.3,,1006.5,
2020-08-23,29.4,24.8,35.0,,,,14.5,,1005.3,
2020-08-24,30.1,24.0,36.1,,,,15.4,,1005.9,
2020-08-25,30.7,26.0,35.0,,,,12.0,,1008.0,
2020-08-26,29.7,24.0,35.0,,,,14.8,,1009.7,
2020-08-27,28.8,25.0,33.0,,,,14.4,,1008.4,
2020-08-28,28.5,24.8,33.0,,,,15.5,,1006.8,
2020-08-29,29.3,25.0,34.3,,,,16.0,,1007.4,
2020-08-30,29.9,25.0,36.0,,,,15.5,,1008.3,
2020-08-31,30.1,24.9,36.0,,,,13.7,,1007.1,
2020-09-01,30.7,25.0,37.0,,,,12.6,,1006.6,
2020-09-02,30.3,25.0,36.0,,,,13.0,,1008.8,
2020-09-03,29.4,25.0,35.0,,,,16.5,,1011.0,
2020-09-04,30.2,26.0,36.0,,,,17.0,,1009.6,
2020-09-05,30.3,25.8,36.1,,,,17.9,,1008.1,
2020-09-06,29.3,24.5,35.0,,,,17.7,,1008.3,
2020-09-07,29.1,25.0,34.4,,,,17.3,,1009.7,
2020-09-08,29.3,25.0,35.0,,,,18.3,,1011.3,
2020-09-09,29.0,24.9,34.0,,,,17.2,,1009.5,
2020-09-10,29.5,25.0,36.0,,,,11.6,,1005.5,
2020-09-11,31.4,25.9,37.0,,,,7.6,,1006.2,
2020-09-12,30.8,26.0,36.0,,,,11.2,,1011.0,
2020-09-13,29.4,25.0,36.0,,,,16.7,,1013.8,
2020-09-14,28.6,24.0,34.0,,,,18.8,,1013.3,
2020-09-15,28.4,23.0,34.0,,,,20.6,,1011.7,
2020-09-16,28.6,23.0,34.0,,,,19.1,,1010.8,
2020-09-17,29.7,25.0,35.1,,,,22.8,,1012.1,
2020-09-18,30.6,25.0,37.3,,,,30.6,,1012.3,
2020-09-19,29.6,25.9,35.3,,,,28.2,,1010.6,
2020-09-20,28.9,25.0,34.0,,,,23.7,,1009.8,
2020-09-21,29.5,24.0,35.0,,,,18.0,,1010.6,
2020-09-22,28.6,24.0,33.0,,,,23.8,,1013.2,
2020-09-23,27.4,24.0,32.0,,,,17.9,,1014.0,
2020-09-24,27.0,23.0,32.0,,,,16.4,,1013.8,
2020-09-25,28.1,24.0,34.0,,,,12.2,,1012.4,
2020-09-26,27.6,24.0,32.0,,,,11.3,,1011.1,
2020-09-27,28.5,23.6,35.0,,,,26.1,,1013.1,
2020-09-28,30.2,24.0,38.0,,,,24.3,,1015.1,
2020-09-29,29.8,24.0,37.0,,,,17.8,,1013.4,
2020-09-30,29.8,24.0,37.0,,,,14.4,,1010.4,
2020-10-01,28.2,24.7,33.0,,,,14.1,,1010.8,
2020-10-02,27.2,23.0,32.0,,,,13.0,,1013.6,
2020-10-03,26.5,22.0,31.0,,,,19.7,,1015.8,
2020-10-04,26.3,21.7,32.0,,,,15.8,,1016.1,
2020-10-05,26.6,21.8,32.0,,,,18.4,,1015.3,
2020-10-06,26.9,21.0,34.0,,,,20.9,,1013.5,
2020-10-07,28.0,21.0,36.0,,,,20.0,,1012.4,
2020-10-08,28.9,22.0,37.0,,,,17.8,,1011.9,
2020-10-09,28.4,23.9,35.0,,,,15.2,,1013.6,
2020-10-10,27.2,24.0,32.0,,,,18.4,,1015.8,
2020-10-11,25.8,22.0,30.0,,,,15.4,,1015.3,
2020-10-12,25.2,20.0,30.0,,,,17.1,,1014.6,
2020-10-13,25.4,20.0,31.0,,,,17.0,,1014.7,
2020-10-14,25.6,20.0,32.0,,,,22.5,,1016.6,
2020-10-15,26.1,21.0,32.0,,,,19.1,,1017.6,
2020-10-16,25.5,22.0,30.0,,,,18.9,,1015.9,
2020-10-17,24.4,19.0,30.0,,,,19.2,,1014.8,
2020-10-18,24.6,19.0,31.0,,,,20.4,,1014.6,
2020-10-19,26.4,21.0,33.0,,,,25.4,,1016.0,
2020-10-20,26.7,22.0,32.0,,,,21.7,,1016.1,
2020-10-21,25.2,22.0,31.0,,,,25.6,,1016.9,
2020-10-22,25.5,20.0,31.6,,,,14.8,,1017.3,
2020-10-23,25.8,21.0,32.0,,,,10.0,,1015.0,
2020-10-24,24.6,21.8,28.2,,,,11.4,,1013.4,
2020-10-25,24.3,20.0,28.0,,,,9.2,,1012.8,
2020-10-26,24.9,21.0,29.0,,,,10.1,,1013.2,
2020-10-27,24.9,21.7,29.0,,,,11.8,,1013.9,
2020-10-28,24.6,21.0,29.0,,,,16.8,,1015.7,
2020-10-29,24.4,20.9,28.3,,,,18.2,,1016.2,
2020-10-30,24.4,20.0,29.0,,,,17.5,,1015.8,
2020-10-31,24.1,21.9,27.0,,,,18.5,,1014.3,
2020-11-01,23.2,21.0,26.0,,,,18.8,,1015.1,
2020-11-02,22.5,19.0,26.0,,,,10.0,,1018.2,
2020-11-03,22.1,18.0,26.0,,,,9.0,,1019.2,
2020-11-04,21.9,18.0,25.2,,,,14.0,,1016.7,
2020-11-05,21.9,20.0,25.4,,,,18.5,,1014.6,
2020-11-06,21.0,18.0,25.0,,,,12.6,,1013.8,
2020-11-07,20.9,18.0,25.0,,,,9.5,,1014.0,
2020-11-08,20.9,17.0,24.3,,,,13.4,,1013.8,
2020-11-09,20.6,18.4,23.1,,,,16.1,,1015.2,
2020-11-10,21.0,17.0,26.3,,,,14.9,,1016.3,
2020-11-11,20.8,17.0,24.3,,,,8.0,,1017.4,
2020-11-12,21.1,18.0,25.0,,,,6.3,,1019.8,
2020-11-13,20.8,16.0,25.0,,,,9.6,,1019.8,
2020-11-14,21.3,18.0,25.0,,,,13.6,,1018.0,
2020-11-15,19.8,17.0,23.0,,,,13.2,,1018.2,
2020-11-16,19.3,16.0,23.0,,,,12.7,,1019.1,
2020-11-17,19.4,15.0,23.0,,,,13.7,,1020.3,
2020-11-18,20.1,16.0,25.0,,,,13.6,,1016.6,
2020-11-19,20.2,17.0,24.0,,,,9.1,,1013.3,
2020-11-20,17.7,15.0,21.0,,,,14.3,,1011.7,
2020-11-21,17.2,14.0,21.0,,,,14.1,,1017.0,
2020-11-22,18.2,14.0,22.2,,,,8.1,,1021.1,
2020-11-23,18.9,14.0,23.0,,,,13.5,,1019.9,
2020-11-24,19.5,16.0,24.0,,,,15.7,,1015.5,
2020-11-25,17.2,15.0,21.0,,,,10.7,,1012.5,
2020-11-26,17.3,14.7,21.3,,,,16.1,,1015.1,
2020-11-27,18.0,15.0,22.0,,,,5.6,,1017.4,
2020-11-28,17.4,14.0,21.0,,,,5.4,,1018.6,
2020-11-29,17.6,13.7,22.1,,,,4.7,,1018.7,
2020-11-30,17.7,13.0,22.0,,,,9.1,,1016.3,
2020-12-01,17.5,15.0,21.0,,,,18.2,,1012.9,
2020-12-02,18.1,14.0,23.0,,,,10.4,,1016.2,
2020-12-03,18.3,14.8,23.0,,,,7.5,,1017.1,
2020-12-04,18.2,14.0,21.4,,,,9.8,,1015.8,
2020-12-05,18.3,15.0,23.0,,,,6.9,,1015.7,
2020-12-06,17.8,13.0,23.2,,,,8.3,,1017.2,
2020-12-07,20.8,15.0,27.4,,,,20.5,,1015.2,
2020-12-08,18.7,15.0,23.2,,,,7.0,,1019.5,
2020-12-09,17.9,14.0,23.3,,,,9.8,,1021.4,
2020-12-10,17.2,11.0,23.0,,,,10.2,,1019.2,
2020-12-11,19.5,14.0,25.0,,,,12.5,,1015.8,
2020-12-12,18.2,15.0,22.1,,,,11.3,,1014.3,
2020-12-13,21.5,16.0,27.0,,,,9.9,,1010.7,
2020-12-14,20.0,16.6,24.0,,,,27.5,,1008.9,
2020-12-15,17.0,14.0,20.3,,,,32.3,,1011.7,
2020-12-16,16.7,12.2,19.0,,,,15.7,,1017.0,
2020-12-17,17.9,15.0,21.0,,,,6.4,,1020.5,
2020-12-18,17.1,13.0,22.0,,,,8.2,,1021.5,
2020-12-19,16.1,12.0,21.0,,,,12.8,,1021.8,
2020-12-20,16.0,11.8,21.0,,,,17.4,,1021.1,
2020-12-21,16.3,12.0,21.0,,,,14.2,,1020.0,
2020-12-22,16.6,13.0,22.0,,,,13.3,,1019.9,
2020-12-23,15.5,13.0,19.0,,,,8.7,,1020.5,
2020-12-24,15.6,11.7,20.0,,,,7.2,,1020.5,
2020-12-25,15.0,10.0,20.0,,,,13.0,,1020.0,
2020-12-26,15.4,10.0,21.7,,,,18.7,,1017.6,
2020-12-27,16.0,11.0,22.0,,,,4.7,,1016.3,
2020-12-28,15.9,11.0,20.0,,,,7.6,,1017.4,
2020-12-29,15.2,11.0,20.0,,,,8.3,,1019.0,
2020-12-30,14.6,10.0,20.3,,,,11.4,,1017.6,
2020-12-31,15.9,11.0,21.0,,,,5.1,,1016.6,
2021-01-01,16.7,13.0,21.0,,,,6.0,,1017.4,
2021-01-02,17.1,13.8,21.3,,,,7.3,,1018.3,
2021-01-03,16.6,13.0,21.0,,,,5.0,,1018.1,
2021-01-04,17.6,14.0,22.2,,,,6.3,,1016.9,
2021-01-05,18.7,16.0,23.9,,,,6.3,,1017.6,
2021-01-06,19.6,17.0,24.3,,,,11.7,,1019.8,
2021-01-07,18.8,15.0,25.0,,,,11.0,,1018.9,
2021-01-08,17.4,12.4,23.0,,,,6.5,,1017.7,
2021-01-09,16.6,13.6,21.0,,,,5.5,,1018.4,
2021-01-10,17.8,14.0,23.0,,,,6.6,,1021.0,
2021-01-11,19.5,14.0,26.0,,,,12.8,,1021.3,
2021-01-12,21.6,14.8,28.0,,,,8.8,,1018.5,
2021-01-13,21.2,17.6,24.0,,,,22.6,,1012.6,
2021-01-14,16.9,13.0,20.0,,,,19.5,,1013.5,
2021-01-15,16.8,13.8,20.0,,,,14.2,,1016.5,
2021-01-16,16.8,13.0,21.0,,,,18.3,,1013.8,
2021-01-17,16.2,13.0,20.0,,,,24.3,,1014.6,
2021-01-18,15.1,12.0,19.0,,,,19.8,,1019.9,
2021-01-19,14.7,12.0,19.0,,,,18.4,,1019.8,
2021-01-20,13.6,11.0,17.0,,,,19.4,,1025.4,
2021-01-21,13.4,9.0,18.0,,,,11.8,,1029.1,
2021-01-22,13.8,9.0,19.0,,,,19.6,,1024.2,
2021-01-23,14.0,8.0,19.0,,,,8.6,,1019.4,
2021-01-24,14.9,10.0,19.0,,,,8.9,,1019.9,
2021-01-25,15.3,11.0,20.0,,,,9.8,,1020.7,
2021-01-26,16.1,10.0,22.0,,,,16.1,,1018.8,
2021-01-27,17.4,12.0,25.5,,,,18.4,,1013.2,
2021-01-28,15.4,12.0,18.1,,,,14.1,,1017.1,
2021-01-29,14.5,12.8,17.0,,,,18.9,,1019.1,
2021-01-30,15.7,11.8,20.0,,,,23.4,,1019.9,
2021-01-31,18.8,14.9,24.0,,,,25.1,,1017.3,
2021-02-01,20.1,13.0,27.0,,,,15.8,,1016.0,
2021-02-02,20.3,13.0,28.0,,,,8.5,,1014.0,
2021-02-03,21.2,15.0,27.0,,,,11.9,,1011.6,
2021-02-04,17.6,15.0,21.1,,,,17.7,,1013.2,
2021-02-05,16.8,14.0,21.0,,,,17.2,,1019.2,
2021-02-06,16.7,12.0,22.0,,,,5.2,,1021.5,
2021-02-07,17.6,12.0,23.0,,,,10.3,,1021.2,
2021-02-08,21.1,13.0,28.0,,,,9.6,,1020.3,
2021-02-09,22.6,17.0,30.0,,,,10.4,,1019.9,
2021-02-10,17.5,12.0,23.0,,,,12.2,,1020.3,
2021-02-11,17.1,11.0,24.0,,,,18.7,,1018.2,
2021-02-12,16.8,12.0,23.0,,,,16.8,,1016.5,
2021-02-13,16.9,13.0,23.0,,,,12.5,,1018.2,
2021-02-14,15.6,10.0,22.0,,,,13.2,,1016.8,
2021-02-15,15.7,12.0,21.8,,,,8.3,,1014.5,
2021-02-16,12.6,9.6,16.0,,,,20.5,,1010.8,
2021-02-17,9.9,7.4,13.2,,,,32.3,,1015.9,
2021-02-18,12.1,9.0,17.0,,,,16.3,,1021.7,
2021-02-19,12.9,10.0,16.0,,,,12.2,,1023.4,
2021-02-20,12.9,8.0,18.0,,,,10.4,,1024.5,
2021-02-21,12.8,7.0,19.0,,,,9.4,,1022.9,
2021-02-22,14.4,8.5,20.0,,,,14.6,,1021.5,
2021-02-23,13.8,11.0,19.1,,,,12.3,,1020.5,
2021-02-24,16.0,12.0,21.0,,,,12.7,,1022.7,
2021-02-25,17.1,13.0,24.4,,,,9.0,,1021.8,
2021-02-26,16.5,12.0,22.1,,,,11.0,,1019.6,
2021-02-27,16.7,12.0,23.0,,,,17.2,,1017.1,
2021-02-28,17.0,13.0,22.0,,,,10.0,,1018.8,
2021-03-01,16.8,13.0,22.0,,,,11.2,,1019.9,
2021-03-02,15.2,12.0,20.6,,,,16.3,,1021.8,
2021-03-03,13.8,11.0,17.0,,,,15.5,,1020.4,
2021-03-04,14.5,9.0,20.2,,,,15.3,,1020.7,
2021-03-05,16.2,9.6,22.5,,,,9.4,,1023.5,
2021-03-06,16.7,10.0,23.4,,,,17.6,,1021.8,
2021-03-07,17.8,14.0,23.0,,,,17.1,,1018.6,
2021-03-08,17.8,12.7,23.1,,,,13.5,,1017.1,
2021-03-09,22.0,14.0,30.0,,,,19.8,,1013.7,
2021-03-10,26.8,21.0,34.0,,,,22.4,,1010.2,
2021-03-11,20.0,16.0,25.0,,,,15.2,,1013.1,
2021-03-12,16.5,13.6,20.3,,,,22.1,,1017.1,
2021-03-13,15.8,12.8,20.0,,,,18.9,,1018.3,
2021-03-14,16.3,11.0,23.0,,,,19.6,,1014.8,
2021-03-15,18.4,14.5,23.0,,,,16.6,,1010.4,
2021-03-16,18.1,13.0,23.0,,,,13.6,,1013.4,
2021-03-17,19.2,14.0,25.0,,,,14.2,,1014.0,
2021-03-18,18.2,14.0,23.0,,,,9.3,,1017.1,
2021-03-19,17.7,12.0,24.0,,,,16.8,,1017.4,
2021-03-20,22.2,14.0,32.0,,,,14.1,,1012.2,
2021-03-21,25.0,16.0,31.3,,,,10.6,,1008.8,
2021-03-22,31.2,28.0,35.0,,,,14.1,,1006.7,
2021-03-23,25.1,16.9,32.6,,,,23.5,,1004.2,
2021-03-24,17.6,14.2,21.1,,,,29.5,,1011.6,
2021-03-25,16.0,11.0,21.0,,,,14.5,,1015.8,
2021-03-26,14.6,12.0,17.0,,,,17.4,,1021.0,
2021-03-27,14.2,10.0,19.0,,,,19.3,,1026.0,
2021-03-28,14.7,10.0,18.1,,,,19.3,,1026.5,
2021-03-29,15.4,10.0,20.3,,,,21.3,,1023.4,
2021-03-30,16.0,12.0,20.0,,,,17.0,,1017.8,
2021-03-31,16.3,13.8,20.5,,,,14.4,,1016.2,
2021-04-01,16.5,11.0,21.1,,,,16.1,,1016.9,
2021-04-02,16.6,12.6,22.0,,,,18.0,,1020.1,
2021-04-03,17.1,10.0,23.0,,,,9.7,,1021.4,
2021-04-04,20.3,14.0,26.0,,,,17.4,,1020.6,
2021-04-05,21.7,12.0,32.0,,,,21.0,,1016.6,
2021-04-06,23.9,13.6,34.0,,,,9.6,,1011.5,
2021-04-07,26.1,19.8,33.0,,,,14.1,,1012.6,
2021-04-08,20.1,16.0,26.0,,,,19.9,,1015.8,
2021-04-09,17.7,13.4,24.0,,,,18.9,,1016.8,
2021-04-10,14.9,12.0,20.0,,,,22.9,,1018.2,
2021-04-11,15.8,11.9,21.0,,,,16.4,,1019.9,
2021-04-12,16.2,12.0,22.0,,,,15.9,,1020.0,
2021-04-13,16.9,10.7,23.0,,,,20.1,,1019.4,
2021-04-14,19.0,12.5,26.0,,,,25.9,,1017.7,
2021-04-15,20.8,13.0,29.0,,,,20.5,,1015.8,
2021-04-16,24.4,16.0,33.0,,,,20.1,,1013.9,
2021-04-17,26.1,15.8,35.0,,,,19.5,,1013.9,
2021-04-18,32.0,23.0,41.0,,,,19.1,,1012.5,
2021-04-19,34.7,26.0,41.0,,,,16.5,,1009.9,
2021-04-20,23.8,18.3,29.3,,,,23.4,,1013.0,
2021-04-21,20.4,16.0,27.0,,,,28.3,,1017.1,
2021-04-22,20.9,15.8,28.0,,,,26.2,,1018.6,
2021-04-23,21.7,15.3,29.0,,,,25.3,,1016.2,
2021-04-24,23.2,16.8,31.0,,,,19.8,,1011.7,
2021-04-25,26.4,17.0,36.0,,,,16.2,,1007.1,
2021-04-26,21.0,17.5,26.6,,,,18.7,,1012.1,
2021-04-27,21.0,16.0,28.0,,,,15.3,,1014.8,
2021-04-28,23.4,15.0,33.0,,,,25.8,,1015.2,
2021-04-29,26.6,17.8,36.0,,,,24.4,,1015.1,
2021-04-30,28.4,20.9,38.0,,,,24.4,,1014.8,
2021-05-01,29.0,21.2,37.0,,,,20.8,,1015.3,
2021-05-02,28.3,21.0,36.0,,,,14.2,,1014.0,
2021-05-03,29.9,20.8,38.0,,,,14.5,,1013.5,
2021-05-04,32.7,23.0,41.0,,,,9.1,,1011.7,
2021-05-05,33.2,27.0,40.0,,,,11.7,,1011.1,
2021-05-06,30.7,19.5,41.0,,,,15.2,,1013.4,
2021-05-07,31.0,23.0,38.0,,,,15.8,35.2,1013.8,
2021-05-08,34.5,23.0,44.0,,,,10.4,31.5,1011.7,
2021-05-09,33.4,26.6,39.0,,,,14.0,29.6,1009.4,
2021-05-10,27.3,21.6,34.8,,,,15.9,35.2,1010.2,
2021-05-11,24.6,19.5,31.0,,,,14.2,35.2,1010.0,
2021-05-12,24.4,18.6,31.0,,,,12.7,37.0,1010.3,
2021-05-13,24.3,17.0,32.0,,,,15.3,37.0,1012.2,
2021-05-14,25.5,18.5,33.0,,,,20.6,38.9,1014.1,
2021-05-15,26.4,18.9,33.0,,,,18.4,37.0,1012.1,
2021-05-16,29.6,21.5,40.0,,,,12.0,40.8,1007.5,
2021-05-17,25.7,21.0,32.0,,,,16.3,37.0,1011.7,
2021-05-18,25.6,19.6,32.5,,,,20.9,40.8,1013.3,
2021-05-19,25.7,19.0,33.0,,,,24.8,42.6,1012.4,
2021-05-20,26.8,19.8,35.0,,,,19.8,38.9,1011.2,
2021-05-21,26.1,19.2,34.0,,,,14.6,37.0,1012.1,
2021-05-22,23.3,19.7,29.0,,,,20.7,38.9,1014.5,
2021-05-23,23.4,19.0,30.0,,,,20.0,37.0,1013.5,
2021-05-24,25.4,19.0,33.0,,,,18.5,37.0,1013.3,
2021-05-25,26.4,18.2,34.0,,,,20.0,40.8,1012.6,
2021-05-26,28.0,19.5,36.0,,,,15.7,35.2,1010.7,
2021-05-27,28.6,22.0,36.0,,,,15.4,33.3,1010.7,
2021-05-28,27.9,22.5,34.0,,,,12.9,35.2,1011.8,
2021-05-29,26.6,21.0,32.2,,,,15.0,31.5,1012.8,
2021-05-30,29.1,20.7,36.0,,,,16.6,31.5,1012.1,
2021-05-31,32.6,25.0,38.2,,,,20.1,38.9,1009.9,
2021-06-01,27.0,21.5,34.0,,,,19.7,38.9,1011.7,
2021-06-02,25.5,21.0,31.0,,,,19.5,40.8,1014.9,
2021-06-03,24.4,19.7,31.0,,,,21.2,38.9,1016.3,
2021-06-04,24.1,19.2,30.0,,,,19.0,38.9,1016.2,
2021-06-05,24.7,19.7,30.2,,,,19.2,37.0,1014.2,
2021-06-06,25.0,20.0,31.0,,,,16.0,37.0,1014.3,
2021-06-07,25.1,19.6,32.0,,,,15.8,35.2,1014.7,
2021-06-08,26.6,20.0,33.0,,,,19.4,38.9,1013.9,
2021-06-09,31.3,22.0,38.2,,,,13.2,31.5,1011.3,
2021-06-10,29.6,23.2,37.0,,,,14.2,33.3,1010.8,
2021-06-11,28.4,22.7,35.2,,,,18.3,38.9,1011.7,
2021-06-12,28.0,22.0,34.7,,,,28.5,50.0,1010.9,
2021-06-13,27.1,22.0,33.0,,,,24.9,44.5,1011.3,
2021-06-14,26.0,21.0,32.0,,,,17.9,35.2,1012.0,
2021-06-15,26.7,21.5,32.0,,,,14.3,33.3,1012.1,
2021-06-16,26.5,21.0,33.0,,,,16.9,38.9,1013.6,
2021-06-17,24.9,20.0,31.0,,,,20.2,42.6,1016.2,
2021-06-18,26.4,21.5,32.0,,,,21.7,40.8,1014.1,
2021-06-19,26.8,20.2,33.0,,,,18.0,40.8,1012.4,
2021-06-20,28.4,22.0,34.0,,,,16.2,37.0,1010.5,
2021-06-21,29.5,22.6,36.0,,,,15.1,35.2,1011.3,
2021-06-22,28.6,23.2,34.0,,,,16.3,37.0,1012.6,
2021-06-23,28.2,22.7,33.5,,,,16.5,40.8,1012.7,
2021-06-24,29.5,24.0,36.0,,,,15.2,38.9,1011.3,
2021-06-25,29.4,24.0,36.0,,,,16.6,37.0,1008.9,
2021-06-26,29.3,23.0,35.0,,,,17.4,40.8,1007.5,
2021-06-27,31.5,25.0,37.2,,,,13.5,37.0,1007.1,
2021-06-28,31.6,25.5,37.5,,,,14.1,37.0,1008.8,
2021-06-29,30.6,24.0,38.0,,,,15.6,33.3,1008.3,
2021-06-30,31.0,24.0,38.0,,,,13.7,31.5,1008.8,
2021-07-01,31.7,25.2,38.0,,,,13.8,35.2,1010.1,
2021-07-02,33.2,26.2,39.0,,,,11.2,35.2,1010.0,
2021-07-03,32.6,27.0,39.0,,,,17.1,44.5,1008.0,
2021-07-04,28.7,23.6,35.0,,,,17.0,40.8,1008.7,
2021-07-05,28.4,23.6,34.0,,,,16.3,38.9,1008.4,
2021-07-06,29.2,24.0,34.2,,,,14.1,37.0,1007.4,
2021-07-07,30.0,24.5,36.0,,,,14.2,33.3,1007.8,
2021-07-08,29.8,24.0,35.0,,,,13.3,29.6,1009.0,
2021-07-09,30.7,25.6,36.6,,,,12.6,29.6,1008.0,
2021-07-10,29.3,24.6,35.0,,,,13.6,35.2,1005.6,
2021-07-11,29.7,24.0,36.2,,,,12.7,29.6,1006.2,
2021-07-12,29.8,24.0,36.5,,,,13.8,31.5,1008.2,
2021-07-13,29.2,24.0,36.0,,,,14.6,33.3,1008.5,
2021-07-14,29.7,24.0,35.2,,,,13.1,33.3,1007.1,
2021-07-15,31.4,25.0,37.0,,,,10.3,29.6,1005.1,
2021-07-16,32.2,26.0,39.0,,,,12.3,31.5,1005.5,
2021-07-17,32.3,27.0,38.0,,,,11.4,31.5,1004.9,
2021-07-18,32.0,26.0,37.5,,,,12.1,31.5,1004.7,
2021-07-19,32.7,26.6,38.2,,,,16.9,38.9,1007.8,
2021-07-20,33.6,29.0,39.1,,,,20.9,38.9,1008.9,
2021-07-21,32.5,28.0,37.0,,,,16.4,37.0,1009.1,
2021-07-22,30.4,26.0,34.0,,,,12.5,33.3,1007.9,
2021-07-23,30.7,27.5,35.5,,,,18.5,44.5,1006.3,
2021-07-24,29.6,26.0,35.0,,,,15.6,37.0,1006.4,
2021-07-25,29.2,25.7,33.5,,,,12.6,29.6,1007.2,
2021-07-26,29.9,25.6,35.0,,,,12.2,31.5,1009.8,
2021-07-27,30.3,25.5,35.0,,,,13.9,35.2,1009.8,
2021-07-28,30.8,25.7,37.2,,,,11.5,37.0,1007.9,
2021-07-29,31.7,26.0,38.0,,,,12.2,35.2,1006.5,
2021-07-30,31.9,26.0,37.0,,,,10.3,31.5,1004.9,
2021-07-31,32.8,26.8,39.0,,,,9.2,27.8,1004.2,
2021-08-01,32.8,27.0,39.0,,,,8.7,31.5,1005.2,
2021-08-02,33.9,27.0,40.0,,,,9.6,29.6,1004.7,
2021-08-03,34.2,28.0,40.0,,,,11.7,31.5,1005.9,
2021-08-04,35.4,30.0,42.0,,,,13.0,31.5,1007.8,
2021-08-05,35.7,30.0,43.0,,,,13.1,31.5,1006.8,
2021-08-06,35.3,29.0,41.0,,,,9.3,31.5,1005.1,
2021-08-07,34.5,29.7,41.2,,,,13.8,38.9,1005.8,
2021-08-08,31.6,27.0,37.0,,,,12.1,35.2,1009.2,
2021-08-09,30.9,26.0,36.0,,,,10.6,31.5,1010.6,
2021-08-10,31.5,26.0,36.0,,,,11.6,31.5,1008.8,
2021-08-11,32.1,26.8,37.4,,,,11.9,38.9,1007.1,
2021-08-12,32.6,27.7,38.0,,,,10.8,31.5,1008.5,
2021-08-13,32.6,28.0,38.0,,,,11.6,35.2,1010.0,
2021-08-14,31.1,25.0,36.0,,,,13.8,37.0,1009.5,
2021-08-15,31.8,27.0,37.0,,,,12.3,33.3,1009.1,
2021-08-16,31.0,26.0,36.7,,,,12.4,33.3,1010.7,
2021-08-17,30.0,26.0,35.1,,,,11.7,31.5,1010.6,
2021-08-18,29.6,26.0,34.0,,,,13.9,33.3,1008.2,
2021-08-19,30.3,25.7,36.0,,,,12.8,35.2,1006.4,
2021-08-20,30.9,26.0,37.0,,,,12.4,29.6,1006.7,
2021-08-21,31.0,26.0,37.0,,,,12.3,40.8,1007.9,
2021-08-22,31.0,26.0,37.0,,,,14.2,33.3,1009.0,
2021-08-23,29.9,25.7,35.0,,,,11.4,31.5,1008.6,
2021-08-24,29.9,26.0,34.2,,,,9.9,25.9,1009.0,
2021-08-25,30.3,26.0,35.0,,,,12.5,29.6,1009.9,
2021-08-26,30.5,26.0,36.2,,,,14.4,37.0,1009.7,
2021-08-27,31.1,27.0,37.0,,,,16.6,38.9,1010.2,
2021-08-28,31.3,26.0,37.0,,,,12.6,33.3,1009.7,
2021-08-29,31.6,26.0,37.0,,,,10.0,37.0,1008.5,
2021-08-30,30.8,26.7,35.0,,,,15.2,37.0,1009.8,
2021-08-31,30.1,25.9,35.0,,,,17.8,40.8,1011.0,
2021-09-01,28.9,24.0,34.0,,,,19.7,40.8,1010.1,
2021-09-02,28.1,24.0,34.0,,,,21.0,38.9,1009.5,
2021-09-03,28.6,24.6,34.0,,,,14.6,37.0,1008.7,
2021-09-04,28.4,23.7,34.0,,,,12.3,31.5,1009.1,
2021-09-05,28.1,23.7,33.5,,,,16.0,35.2,1010.6,
2021-09-06,27.8,24.0,33.1,,,,14.5,37.0,1011.8,
2021-09-07,28.5,23.7,34.0,,,,11.8,35.2,1013.2,
2021-09-08,31.5,24.0,38.2,,,,13.8,33.3,1012.2,
2021-09-09,30.6,26.0,35.0,,,,14.3,38.9,1011.9,
2021-09-10,27.5,24.0,31.5,,,,15.0,38.9,1014.7,
2021-09-11,26.7,23.7,31.7,,,,16.2,37.0,1013.9,
2021-09-12,27.5,23.0,33.0,,,,10.0,33.3,1011.6,
2021-09-13,31.1,27.0,37.5,,,,18.9,38.9,1008.8,
2021-09-14,30.1,24.0,36.0,,,,10.1,33.3,1010.2,
2021-09-15,27.9,25.0,32.0,,,,14.8,38.9,1012.5,
2021-09-16,26.7,24.0,31.0,,,,15.1,40.8,1013.0,
2021-09-17,27.1,22.6,31.0,,,,15.4,42.6,1011.3,
2021-09-18,26.8,22.0,32.0,,,,20.5,42.6,1012.2,
2021-09-19,27.8,21.0,34.0,,,,21.1,46.3,1013.7,
2021-09-20,29.2,24.0,36.0,,,,15.3,48.2,1014.1,
2021-09-21,29.4,24.0,36.0,,,,18.4,44.5,1013.5,
2021-09-22,28.3,23.0,34.5,,,,14.8,44.5,1011.2,
2021-09-23,28.1,24.0,33.0,,,,13.2,40.8,1011.0,
2021-09-24,25.2,22.5,28.0,,,,16.8,38.9,1012.8,
2021-09-25,24.5,20.0,29.5,,,,17.2,42.6,1015.3,
2021-09-26,25.1,20.0,30.0,,,,16.8,37.0,1014.5,
2021-09-27,25.0,21.0,29.0,,,,12.7,35.2,1013.5,
2021-09-28,25.7,21.0,31.0,,,,11.3,35.2,1012.9,
2021-09-29,26.2,23.0,31.0,,,,12.2,37.0,1012.6,
2021-09-30,26.2,22.7,31.7,,,,14.6,37.0,1011.8,
2021-10-01,24.9,22.0,30.0,,,,17.3,38.9,1011.7,
2021-10-02,24.7,21.0,29.0,,,,13.9,35.2,1012.3,
2021-10-03,24.2,21.7,28.0,,,,15.4,37.0,1014.6,
2021-10-04,23.8,20.0,28.1,,,,16.7,40.8,1015.3,
2021-10-05,23.6,20.0,28.0,,,,14.1,38.9,1014.4,
2021-10-06,23.8,20.0,28.0,,,,16.8,38.9,1013.6,
2021-10-07,23.8,18.0,29.0,,,,19.2,42.6,1013.0,
2021-10-08,24.1,19.0,29.0,,,,19.6,40.8,1013.8,
2021-10-09,24.2,19.0,30.0,,,,21.4,44.5,1015.1,
2021-10-10,24.6,19.0,31.0,,,,23.9,48.2,1015.2,
2021-10-11,25.3,20.0,31.6,,,,23.8,38.9,1012.7,
2021-10-12,26.5,22.0,33.0,,,,19.6,38.9,1009.9,
2021-10-13,26.6,22.0,33.0,,,,16.9,48.2,1012.9,
2021-10-14,26.4,22.0,32.1,,,,17.2,50.0,1014.7,
2021-10-15,26.7,22.0,32.4,,,,13.6,35.2,1014.8,
2021-10-16,28.0,24.0,33.0,,,,9.0,31.5,1015.9,
2021-10-17,26.2,23.0,30.1,,,,11.0,35.2,1017.4,
2021-10-18,24.0,21.0,27.0,,,,11.7,35.2,1017.8,
2021-10-19,23.6,20.8,27.0,,,,11.2,38.9,1020.0,
2021-10-20,22.9,20.0,27.0,,,,12.0,38.9,1021.3,
2021-10-21,22.7,19.0,26.6,,,,11.2,35.2,1020.7,
2021-10-22,22.8,19.0,27.0,,,,11.7,38.9,1019.6,
2021-10-23,22.5,19.0,26.6,,,,15.1,37.0,1020.1,
2021-10-24,22.2,18.0,26.0,,,,15.0,37.0,1018.7,
2021-10-25,22.8,19.0,27.0,,,,13.3,33.3,1016.1,
2021-10-26,22.8,18.7,27.1,,,,17.7,40.8,1015.8,
2021-10-27,24.3,19.0,31.0,,,,21.1,40.8,1015.4,
2021-10-28,26.2,20.0,32.1,,,,10.2,27.8,1012.4,
2021-10-29,24.2,20.8,28.0,,,,11.1,33.3,1012.4,
2021-10-30,24.9,22.0,29.0,,,,12.5,25.9,1015.4,
2021-10-31,26.2,22.0,33.0,,,,16.2,33.3,1014.7,
2021-11-01,25.2,22.0,30.0,,,,15.1,35.2,1014.8,
2021-11-02,24.0,20.7,27.3,,,,8.0,27.8,1017.2,
2021-11-03,24.4,20.0,29.0,,,,12.7,33.3,1018.6,
2021-11-04,23.0,20.0,27.3,,,,25.2,46.3,1018.8,
2021-11-05,23.1,20.0,27.0,,,,22.4,44.5,1016.6,
2021-11-06,23.3,19.0,28.0,,,,19.6,38.9,1014.6,
2021-11-07,23.5,19.8,29.0,,,,15.2,35.2,1013.6,
2021-11-08,23.6,19.6,29.0,,,,11.8,31.5,1013.7,
2021-11-09,23.4,17.0,29.0,,,,8.6,29.6,1016.3,
2021-11-10,22.4,19.0,27.0,,,,9.8,31.5,1017.0,
2021-11-11,21.6,19.0,25.1,,,,14.6,38.9,1014.4,
2021-11-12,21.2,17.0,25.0,,,,14.6,37.0,1013.3,
2021-11-13,22.3,17.0,27.2,,,,4.8,24.1,1014.2,
2021-11-14,22.9,19.0,27.1,,,,5.0,24.1,1014.7,
2021-11-15,22.2,19.7,25.0,,,,6.4,24.1,1014.7,
2021-11-16,21.6,19.0,24.0,,,,4.1,22.2,1015.5,
2021-11-17,21.7,18.0,25.0,,,,5.1,27.8,1016.5,
2021-11-18,21.1,18.0,24.0,,,,9.1,29.6,1019.1,
2021-11-19,19.9,17.0,23.2,,,,11.1,31.5,1017.4,
2021-11-20,18.5,15.2,23.0,,,,13.8,42.6,1011.1,
2021-11-21,17.3,15.0,20.0,,,,14.9,37.0,1012.5,
2021-11-22,19.2,15.7,22.2,,,,9.1,29.6,1019.0,
2021-11-23,20.0,16.0,24.0,,,,4.5,20.4,1020.8,
2021-11-24,20.1,16.0,24.0,,,,6.1,22.2,1016.9,
2021-11-25,20.6,17.0,25.0,,,,7.1,20.4,1015.9,
2021-11-26,20.2,16.0,25.0,,,,7.2,22.2,1018.9,
2021-11-27,21.4,15.0,28.0,,,,4.4,18.5,1018.1,
2021-11-28,23.4,18.0,30.0,,,,2.6,18.5,1017.9,
2021-11-29,24.1,18.0,32.0,,,,4.5,22.2,1016.7,
2021-11-30,23.5,20.0,29.0,,,,11.8,31.5,1015.8,
2021-12-01,19.6,17.7,22.0,,,,13.8,31.5,1018.1,
2021-12-02,18.2,15.0,21.0,,,,8.8,22.2,1019.4,
2021-12-03,18.0,14.0,22.0,,,,9.6,25.9,1019.0,
2021-12-04,17.8,13.0,22.1,,,,5.4,27.8,1014.8,
2021-12-05,18.0,15.0,20.0,,,,18.9,44.5,1014.7,
2021-12-06,18.0,14.6,21.0,,,,4.6,18.5,1018.1,
2021-12-07,17.7,15.7,19.2,,,,16.5,44.5,1013.6,
2021-12-08,15.7,12.0,19.0,,,,28.8,70.4,1018.0,
2021-12-09,17.0,13.9,20.0,,,,8.3,27.8,1022.9,
2021-12-10,18.2,14.0,24.0,,,,10.6,29.6,1019.0,
2021-12-11,17.6,12.0,23.0,,,,3.8,16.7,1017.1,
2021-12-12,17.4,13.2,20.1,,,,4.9,18.5,1017.3,
2021-12-13,18.6,16.0,21.0,,,,6.5,22.2,1016.0,
2021-12-14,17.9,15.3,20.0,,,,9.4,31.5,1013.8,
2021-12-15,16.1,13.0,19.2,,,,13.1,31.5,1016.3,
2021-12-16,15.7,13.0,19.0,,,,9.0,27.8,1018.3,
2021-12-17,15.6,14.0,18.0,,,,10.4,25.9,1018.7,
2021-12-18,15.1,12.0,19.0,,,,17.9,44.5,1016.7,
2021-12-19,15.1,11.7,18.0,,,,20.8,51.8,1015.0,
2021-12-20,12.3,10.0,15.0,,,,27.4,53.7,1017.3,
2021-12-21,13.1,10.0,17.0,,,,17.1,40.8,1023.1,
2021-12-22,14.7,11.7,19.0,,,,10.4,27.8,1022.7,
2021-12-23,14.0,11.0,17.0,,,,6.3,20.4,1020.5,
2021-12-24,13.9,11.0,17.0,,,,6.6,29.6,1021.7,
2021-12-25,13.6,10.0,19.0,,,,6.9,25.9,1023.3,
2021-12-26,13.7,9.0,19.0,,,,10.0,31.5,1021.9,
2021-12-27,14.5,10.0,19.2,,,,7.4,24.1,1020.3,
2021-12-28,15.5,13.0,19.0,,,,6.9,24.1,1017.6,
2021-12-29,15.2,11.0,19.0,,,,8.7,29.6,1016.6,
2021-12-30,16.4,15.0,18.0,,,,21.4,48.2,1012.0,
2021-12-31,16.0,13.2,18.0,,,,16.2,37.0,1011.1,
2022-01-01,14.2,10.0,17.2,,,,5.3,20.4,1013.7,
2022-01-02,14.5,11.0,19.0,,,,4.6,20.4,1016.7,
2022-01-03,15.9,13.0,19.1,,,,6.4,24.1,1020.1,
2022-01-04,15.8,12.0,19.0,,,,5.5,22.2,1023.0,
2022-01-05,15.6,11.0,19.0,,,,4.3,18.5,1022.6,
2022-01-06,15.2,10.0,20.0,,,,5.8,16.7,1019.3,
2022-01-07,14.3,11.0,18.0,,,,4.0,18.5,1017.1,
2022-01-08,14.5,10.0,20.0,,,,2.1,22.2,1014.7,
2022-01-09,14.9,11.8,18.0,,,,19.9,50.0,1013.0,
2022-01-10,14.0,11.0,17.0,,,,18.0,44.5,1013.3,
2022-01-11,16.1,12.0,20.0,,,,17.2,44.5,1014.6,
2022-01-12,17.1,15.0,20.0,,,,14.8,40.8,1015.2,
2022-01-13,15.7,13.0,19.0,,,,13.6,37.0,1015.9,
2022-01-14,13.4,12.0,15.0,,,,16.2,37.0,1016.5,
2022-01-15,13.0,11.0,16.0,,,,19.3,37.0,1015.7,
2022-01-16,13.0,11.0,17.0,,,,16.5,38.9,1015.3,
2022-01-17,11.4,9.0,14.0,,,,12.0,35.2,1021.3,
2022-01-18,11.6,6.0,18.4,,,,6.9,22.2,1024.2,
2022-01-19,12.0,10.0,14.5,,,,16.8,33.3,1023.5,
2022-01-20,11.3,9.0,14.0,,,,8.0,22.2,1028.3,
2022-01-21,10.7,6.0,15.0,,,,8.2,25.9,1025.8,
2022-01-22,11.8,7.0,16.0,,,,7.5,27.8,1020.8,
2022-01-23,13.2,10.0,17.0,,,,15.7,38.9,1018.1,
2022-01-24,12.1,9.7,15.5,,,,6.7,18.5,1020.6,
2022-01-25,12.2,8.0,16.0,,,,13.5,35.2,1019.9,
2022-01-26,9.5,7.5,12.0,,,,18.3,46.3,1018.0,
2022-01-27,9.9,7.0,13.0,,,,16.5,38.9,1022.9,
2022-01-28,12.0,9.0,15.0,,,,10.6,25.9,1024.2,
2022-01-29,13.2,10.0,16.1,,,,8.2,24.1,1021.5,
2022-01-30,14.3,10.5,18.0,,,,12.6,33.3,1017.5,
2022-01-31,13.2,11.0,16.4,,,,15.1,40.8,1014.0,
2022-02-01,14.6,11.0,18.0,,,,11.4,29.6,1018.0,
2022-02-02,15.3,10.0,20.0,,,,11.3,27.8,1015.1,
2022-02-03,15.3,13.0,18.0,,,,25.0,57.4,1011.5,
2022-02-04,13.1,9.0,16.0,,,,22.4,57.4,1014.6,
2022-02-05,13.9,10.7,17.0,,,,12.4,31.5,1022.3,
2022-02-06,14.3,10.0,18.1,,,,2.9,22.2,1024.7,
2022-02-07,16.2,11.0,22.0,,,,7.4,24.1,1022.6,
2022-02-08,17.7,12.0,23.0,,,,8.1,27.8,1018.6,
2022-02-09,14.9,12.0,17.6,,,,17.1,44.5,1016.5,
2022-02-10,12.8,10.0,16.0,,,,18.1,38.9,1018.8,
2022-02-11,13.7,9.0,18.0,,,,8.7,33.3,1022.5,
2022-02-12,14.8,9.2,20.1,,,,17.1,44.5,1023.5,
2022-02-13,14.0,8.8,19.2,,,,11.2,29.6,1021.3,
2022-02-14,14.6,10.0,18.0,,,,9.1,29.6,1020.7,
2022-02-15,14.4,11.0,18.0,,,,12.3,31.5,1021.6,
2022-02-16,14.5,10.0,18.0,,,,10.4,27.8,1020.5,
2022-02-17,14.6,12.0,17.7,,,,12.8,29.6,1013.5,
2022-02-18,14.3,11.0,18.0,,,,12.7,33.3,1011.6,
2022-02-19,12.7,11.0,15.0,,,,10.4,37.0,1014.8,
2022-02-20,14.0,8.0,19.0,,,,3.8,18.5,1022.6,
2022-02-21,17.0,12.0,22.0,,,,3.9,20.4,1021.2,
2022-02-22,18.8,13.2,24.0,,,,3.8,22.2,1015.0,
2022-02-23,19.1,14.7,25.0,,,,9.4,25.9,1010.3,
2022-02-24,15.0,12.0,17.4,,,,20.8,51.8,1012.0,
2022-02-25,15.0,12.1,18.0,,,,21.8,50.0,1015.6,
2022-02-26,15.6,13.0,19.0,,,,12.8,22.2,1020.6,
2022-02-27,15.5,11.0,20.0,,,,7.5,24.1,1021.9,
2022-02-28,16.3,12.0,21.0,,,,9.9,27.8,1020.6,
2022-03-01,18.7,13.0,24.0,,,,12.5,31.5,1018.4,
2022-03-02,21.5,15.6,28.7,,,,13.5,37.0,1010.9,
2022-03-03,15.9,13.0,19.1,,,,23.5,46.3,1015.8,
2022-03-04,15.4,12.0,19.0,,,,8.6,25.9,1018.4,
2022-03-05,17.4,12.0,23.0,,,,14.0,33.3,1014.2,
2022-03-06,22.2,16.5,29.0,,,,23.7,59.3,1006.3,
2022-03-07,17.8,14.0,22.0,,,,15.0,29.6,1013.2,
2022-03-08,18.6,15.0,24.0,,,,13.1,29.6,1009.9,
2022-03-09,17.1,14.2,20.5,,,,15.4,33.3,1008.7,
2022-03-10,16.1,13.7,20.0,,,,22.4,61.1,1012.6,
2022-03-11,12.7,10.6,15.2,,,,20.2,38.9,1018.7,
2022-03-12,12.0,9.3,15.0,,,,14.6,31.5,1021.4,
2022-03-13,11.1,8.6,15.0,,,,14.2,33.3,1021.7,
2022-03-14,10.9,8.0,14.0,,,,15.5,33.3,1024.8,
2022-03-15,11.3,8.0,15.0,,,,18.1,37.0,1026.6,
2022-03-16,12.9,9.0,17.0,,,,10.5,27.8,1026.2,
2022-03-17,13.9,9.0,18.0,,,,8.3,24.1,1023.6,
2022-03-18,15.2,10.0,20.0,,,,10.8,27.8,1021.7,
2022-03-19,14.2,12.0,19.0,,,,15.2,42.6,1020.4,
2022-03-20,12.7,10.0,18.0,,,,25.5,46.3,1018.6,
2022-03-21,12.2,9.0,16.5,,,,18.7,40.8,1015.6,
2022-03-22,12.6,9.0,16.0,,,,8.1,25.9,1016.5,
2022-03-23,14.0,11.0,18.2,,,,15.8,48.2,1017.1,
2022-03-24,13.2,10.0,16.0,,,,18.5,46.3,1017.6,
2022-03-25,14.4,11.6,18.0,,,,17.0,38.9,1021.1,
2022-03-26,16.4,10.0,22.0,,,,7.8,25.9,1025.8,
2022-03-27,16.6,12.5,22.0,,,,13.1,33.3,1026.7,
2022-03-28,16.5,12.0,22.0,,,,20.2,46.3,1024.9,
2022-03-29,17.9,12.0,25.0,,,,12.6,35.2,1017.0,
2022-03-30,19.8,13.0,26.2,,,,10.6,29.6,1015.5,
2022-03-31,22.2,16.0,29.0,,,,11.9,37.0,1015.4,
2022-04-01,22.6,14.5,32.0,,,,6.7,27.8,1013.5,
2022-04-02,26.4,20.6,33.0,,,,6.5,27.8,1012.5,
2022-04-03,23.1,18.7,30.0,,,,18.5,48.2,1015.0,
2022-04-04,24.9,18.0,33.0,,,,22.5,51.8,1015.5,
2022-04-05,29.2,19.0,39.0,,,,6.2,37.0,1012.6,
2022-04-06,30.6,25.0,36.0,,,,15.3,40.8,1012.2,
2022-04-07,30.0,21.0,38.0,,,,9.8,35.2,1012.4,
2022-04-08,24.0,17.9,34.0,,,,16.9,35.2,1012.8,
2022-04-09,20.3,15.0,27.0,,,,18.2,40.8,1013.6,
2022-04-10,20.7,16.0,28.0,,,,17.5,40.8,1012.0,
2022-04-11,20.1,16.0,27.5,,,,16.5,37.0,1012.9,
2022-04-12,17.7,14.5,22.0,,,,16.6,37.0,1016.0,
2022-04-13,17.7,13.0,24.0,,,,18.3,40.8,1014.4,
2022-04-14,18.8,14.0,25.0,,,,22.1,44.5,1014.6,
2022-04-15,19.2,14.0,26.0,,,,18.9,42.6,1014.0,
2022-04-16,23.1,15.5,32.0,,,,17.3,40.8,1011.9,
2022-04-17,31.3,21.0,40.0,,,,10.9,38.9,1005.6,
2022-04-18,25.6,19.9,34.0,,,,13.7,37.0,1007.3,
2022-04-19,21.7,17.7,27.3,,,,14.4,37.0,1013.2,
2022-04-20,19.4,16.0,24.0,,,,14.8,40.8,1016.9,
2022-04-21,19.5,15.0,25.0,,,,20.2,44.5,1015.3,
2022-04-22,19.3,14.8,25.0,,,,21.6,40.8,1011.9,
2022-04-23,21.5,16.0,29.0,,,,14.7,35.2,1008.6,
2022-04-24,22.6,16.0,30.0,,,,10.9,35.2,1008.6,
2022-04-25,23.7,18.0,31.0,,,,15.4,38.9,1009.9,
2022-04-26,24.4,19.0,32.0,,,,14.9,38.9,1010.8,
2022-04-27,23.2,17.0,31.0,,,,16.9,38.9,1011.1,
2022-04-28,24.0,17.0,31.0,,,,13.1,37.0,1010.1,
2022-04-29,28.4,18.0,36.1,,,,10.6,33.3,1006.6,
2022-04-30,26.8,21.3,30.3,,,,18.7,48.2,1008.5,
2022-05-01,24.1,19.0,30.0,,,,9.6,29.6,1013.7,
2022-05-02,25.5,20.0,32.0,,,,19.0,42.6,1009.8,
2022-05-03,26.6,21.1,32.0,,,,22.6,48.2,1006.7,
2022-05-04,21.7,18.9,26.0,,,,17.9,35.2,1014.2,
2022-05-05,20.5,17.0,26.0,,,,16.4,38.9,1016.4,
2022-05-06,21.1,15.9,27.0,,,,14.3,33.3,1014.9,
2022-05-07,22.1,16.7,28.0,,,,10.1,27.8,1014.7,
2022-05-08,25.3,18.8,32.0,,,,12.5,35.2,1014.1,
2022-05-09,26.4,20.3,33.2,,,,19.2,42.6,1010.6,
2022-05-10,24.3,19.0,30.0,,,,12.9,33.3,1014.4,
2022-05-11,23.9,19.0,29.0,,,,11.0,33.3,1016.4,
2022-05-12,23.3,18.2,29.0,,,,18.6,38.9,1018.2,
2022-05-13,24.1,19.0,31.0,,,,22.4,48.2,1015.0,
2022-05-14,24.3,20.7,29.0,,,,21.6,48.2,1012.6,
2022-05-15,23.5,18.0,29.0,,,,16.3,38.9,1016.5,
2022-05-16,22.9,18.0,28.0,,,,13.6,33.3,1017.5,
2022-05-17,24.7,18.0,31.0,,,,14.1,37.0,1015.4,
2022-05-18,26.0,19.6,32.2,,,,12.9,38.9,1013.5,
2022-05-19,27.7,20.8,34.0,,,,14.4,35.2,1013.0,
2022-05-20,29.2,23.0,36.0,,,,13.3,38.9,1010.9,
2022-05-21,23.7,20.0,29.0,,,,17.0,40.8,1012.5,
2022-05-22,23.7,17.2,28.0,,,,18.7,46.3,1012.5,
2022-05-23,25.8,20.4,31.1,,,,14.4,37.0,1012.0,
2022-05-24,26.4,20.1,33.0,,,,10.4,33.3,1012.5,
2022-05-25,26.8,21.0,32.0,,,,15.2,35.2,1014.5,
2022-05-26,27.0,20.9,33.0,,,,17.8,38.9,1014.6,
2022-05-27,28.1,21.7,34.2,,,,16.2,38.9,1011.9,
2022-05-28,28.9,23.0,35.2,0.0,,,13.9,35.2,1010.0,
2022-05-29,30.6,23.7,37.0,0.0,,,10.6,35.2,1010.7,
2022-05-30,31.6,24.3,38.0,0.0,,,14.0,33.3,1010.9,
2022-05-31,28.5,23.0,34.0,0.0,,,14.5,35.2,1011.5,
2022-06-01,26.2,21.0,31.3,0.0,,,13.4,35.2,1010.0,
2022-06-02,26.8,21.5,32.0,0.0,,,12.6,,1008.5,
2022-06-03,28.5,23.0,34.0,0.0,,,10.1,,1009.8,
2022-06-04,29.8,25.0,35.3,0.0,,,13.0,,1010.0,
2022-06-05,28.8,23.9,35.0,0.0,,,13.0,,1010.0,
2022-06-06,27.9,23.0,33.0,0.0,,,12.5,,1009.7,
2022-06-07,28.9,23.9,34.8,0.0,,,12.3,,1008.3,
2022-06-08,30.0,24.0,36.0,0.0,,,9.8,,1009.7,
2022-06-09,33.0,28.0,40.0,0.0,,,13.1,,1008.5,
2022-06-10,31.6,25.7,38.0,0.0,,,14.1,,1010.3,
2022-06-11,34.0,26.8,43.0,0.0,,,11.3,,1008.5,
2022-06-12,28.8,25.0,33.0,0.0,,,13.0,,1008.4,
2022-06-13,27.3,22.7,31.1,0.0,,,11.7,,1008.7,
2022-06-14,28.8,24.6,33.0,0.0,,,12.2,33.3,1009.9,
2022-06-15,27.8,24.0,33.0,0.0,,,15.0,37.0,1011.7,
2022-06-16,27.4,23.0,33.0,0.0,,,18.8,44.5,1010.8,
2022-06-17,27.8,23.0,33.6,0.0,,,20.1,44.5,1009.8,
2022-06-18,27.5,23.0,33.1,0.0,,,15.8,38.9,1009.2,
2022-06-19,27.2,22.0,33.0,0.0,,,13.2,35.2,1010.9,
2022-06-20,27.2,22.6,33.0,0.0,,,15.3,38.9,1011.9,
2022-06-21,27.0,22.0,32.0,0.0,,,13.6,40.8,1010.2,
2022-06-22,27.7,23.0,33.0,0.0,,,17.2,40.8,1007.6,
2022-06-23,29.6,23.0,36.1,0.0,,,11.5,33.3,1008.5,
2022-06-24,31.4,25.2,37.0,0.0,,,11.1,33.3,1008.2,
2022-06-25,29.1,24.9,33.1,0.0,,,17.6,42.6,1008.4,
2022-06-26,28.8,23.2,34.5,0.0,,,12.6,37.0,1010.3,
2022-06-27,29.3,25.0,34.2,0.0,,,13.7,40.8,1009.7,
2022-06-28,28.1,23.0,33.0,0.0,,,12.6,29.6,1007.7,
2022-06-29,28.6,24.0,34.0,0.0,,,10.5,29.6,1007.7,
2022-06-30,28.7,25.0,33.0,0.0,,,12.1,29.6,1007.3,
2022-07-01,28.6,24.0,34.0,0.0,,,11.1,29.6,1007.8,
2022-07-02,29.6,24.0,35.0,0.0,,,10.6,29.6,1007.9,
2022-07-03,30.5,25.0,36.0,0.0,,,10.9,25.9,1006.4,
2022-07-04,31.4,26.0,36.0,0.0,,,10.3,31.5,1006.0,
2022-07-05,30.7,25.0,36.0,0.0,,,11.9,31.5,1007.8,
2022-07-06,29.4,24.0,35.0,0.0,,,11.4,35.2,1007.5,
2022-07-07,29.3,24.1,34.0,0.0,,,9.9,31.5,1008.0,
2022-07-08,28.2,24.0,33.0,0.0,,,12.5,35.2,1007.8,
2022-07-09,29.4,24.0,35.0,0.0,,,12.3,42.6,1007.1,
2022-07-10,28.9,25.0,33.1,0.0,,,13.2,37.0,1005.9,
2022-07-11,27.7,24.0,32.0,0.0,,,13.8,33.3,1008.7,
2022-07-12,27.8,23.5,33.1,0.0,,,14.8,37.0,1010.8,
2022-07-13,27.5,23.9,33.0,0.0,,,16.7,38.9,1010.0,
2022-07-14,27.2,23.0,33.0,0.0,,,15.6,38.9,1008.6,
2022-07-15,27.7,22.9,33.0,0.0,,,9.7,31.5,1007.8,
2022-07-16,27.8,24.0,32.2,0.0,,,12.5,35.2,1008.1,
2022-07-17,29.0,24.0,35.0,0.0,,,12.5,33.3,1007.5,
2022-07-18,29.6,24.0,36.0,0.0,,,10.8,31.5,1006.0,
2022-07-19,30.8,26.0,36.0,0.0,,,10.8,31.5,1006.6,
2022-07-20,29.9,26.0,35.0,0.0,,,12.9,37.0,1008.3,
2022-07-21,28.4,24.0,34.0,0.0,,,12.4,38.9,1008.1,
2022-07-22,28.4,24.0,34.0,0.0,,,13.2,37.0,1008.8,
2022-07-23,28.8,23.9,35.0,0.0,,,12.9,37.0,1008.6,
2022-07-24,29.1,23.0,36.0,0.0,,,12.0,38.9,1006.2,
2022-07-25,29.5,23.0,36.0,0.0,,,11.4,33.3,1004.7,
2022-07-26,30.7,24.6,36.2,0.0,,,9.6,31.5,1004.7,
2022-07-27,29.9,24.0,35.0,0.0,,,12.7,31.5,1005.0,
2022-07-28,31.0,25.5,37.0,0.0,,,12.8,33.3,1006.2,
2022-07-29,30.7,25.0,36.1,0.0,,,12.6,31.5,1007.8,
2022-07-30,30.2,24.9,35.4,0.0,,,10.3,31.5,1007.9,
2022-07-31,29.1,25.0,34.0,0.0,,,11.0,35.2,1005.7,
2022-08-01,29.8,25.0,35.6,0.0,,,12.5,37.0,1005.1,
2022-08-02,29.8,25.5,35.0,0.0,,,13.0,35.2,1005.7,
2022-08-03,29.5,25.0,35.0,0.0,,,12.4,29.6,1006.9,
2022-08-04,29.1,25.0,34.0,0.0,,,11.6,29.6,1007.7,
2022-08-05,29.0,24.9,35.0,0.0,,,11.5,27.8,1007.4,
2022-08-06,28.7,25.0,34.0,0.0,,,13.2,31.5,1006.5,
2022-08-07,29.0,24.8,33.0,0.0,,,9.9,25.9,1005.3,
2022-08-08,30.6,25.8,35.0,0.0,,,8.8,29.6,1007.1,
2022-08-09,30.7,26.0,35.0,0.0,,,10.6,27.8,1007.9,
2022-08-10,29.8,25.9,34.0,0.0,,,12.2,29.6,1007.7,668.0
2022-08-11,29.8,26.0,34.2,0.0,,,11.6,27.8,1007.5,687.0
2022-08-12,28.9,25.6,33.0,0.0,,,11.8,29.6,1008.3,692.0
2022-08-13,29.1,25.0,34.0,0.0,,,12.9,33.3,1008.2,667.0
2022-08-14,29.2,25.0,34.0,0.0,,,12.3,33.3,1007.6,669.0
2022-08-15,28.8,25.0,33.0,0.0,,,13.0,35.2,1008.5,647.0
2022-08-16,28.9,25.0,33.0,0.0,,,15.5,35.2,1009.4,660.0
2022-08-17,28.2,24.5,32.2,0.0,,,15.2,37.0,1008.0,665.0
2022-08-18,29.0,24.0,35.0,0.0,,,11.7,33.3,1006.2,661.0
2022-08-19,30.0,25.0,36.0,0.0,,,9.9,35.2,1005.9,671.0
2022-08-20,30.8,26.0,36.3,0.0,,,12.4,37.0,1006.5,664.0
2022-08-21,31.6,27.0,36.0,0.0,,,10.2,31.5,1005.7,678.0
2022-08-22,31.0,25.9,36.0,0.0,,,10.1,33.3,1007.4,672.0
2022-08-23,32.2,27.0,38.0,0.0,,,13.2,37.0,1008.9,668.0
2022-08-24,32.5,27.0,40.0,0.0,,,15.9,33.3,1007.3,652.0
2022-08-25,29.3,26.0,34.0,0.0,,,18.7,37.0,1008.2,604.0
2022-08-26,28.4,25.0,33.0,0.0,,,16.4,37.0,1008.7,615.0
2022-08-27,28.6,24.0,34.0,0.0,,,19.8,42.6,1009.0,633.0
2022-08-28,28.8,25.0,33.3,0.0,,,23.0,42.6,1009.4,610.0
2022-08-29,28.8,25.4,33.3,0.0,,,19.4,37.0,1010.7,613.0
2022-08-30,28.9,25.6,34.0,0.0,,,16.8,35.2,1011.3,627.0
2022-08-31,28.6,25.0,33.0,0.0,,,17.2,37.0,1010.4,618.0
2022-09-01,28.4,24.9,33.0,0.0,,,16.0,37.0,1009.5,629.0
2022-09-02,28.3,24.8,33.0,0.0,,,18.1,37.0,1010.6,626.0
2022-09-03,28.4,25.0,33.0,0.0,,,17.5,38.9,1012.1,628.0
2022-09-04,28.6,24.9,33.6,0.0,,,17.5,38.9,1012.1,637.0
2022-09-05,28.6,25.0,34.0,0.0,,,12.4,31.5,1010.8,633.0
2022-09-06,28.2,25.0,33.0,0.0,,,14.2,37.0,1009.7,580.0
2022-09-07,28.2,25.0,33.0,0.0,,,12.9,33.3,1009.3,553.0
2022-09-08,28.5,24.9,33.2,0.0,,,14.3,37.0,1010.6,563.0
2022-09-09,28.8,25.0,34.0,0.0,,,18.9,42.6,1012.2,606.0
2022-09-10,28.0,24.0,33.0,0.0,,,15.5,37.0,1012.4,629.0
2022-09-11,28.3,24.0,34.0,0.0,,,11.8,33.3,1010.5,628.0
2022-09-12,29.0,24.8,34.1,0.0,,,10.7,29.6,1007.7,609.0
2022-09-13,28.6,25.0,33.1,0.0,,,12.1,33.3,1008.0,598.0
2022-09-14,27.4,24.0,31.0,0.0,,,11.5,35.2,1012.4,614.0
2022-09-15,26.4,23.0,30.0,0.0,,,12.1,33.3,1013.7,611.0
2022-09-16,26.4,22.0,31.0,0.0,,,9.6,27.8,1011.5,637.0
2022-09-17,27.4,23.7,32.0,0.0,,,11.4,33.3,1009.2,571.0
2022-09-18,27.9,24.0,32.0,0.0,,,8.6,29.6,1010.0,579.0
2022-09-19,27.4,24.0,32.0,0.0,,,9.7,33.3,1011.4,581.0
2022-09-20,27.6,24.0,32.0,0.0,,,11.1,33.3,1010.3,528.0
2022-09-21,27.1,24.0,32.0,0.0,,,10.4,35.2,1010.6,545.0
2022-09-22,28.5,23.0,33.6,0.0,,,7.9,31.5,1009.8,583.0
2022-09-23,27.8,24.0,34.0,0.0,,,17.7,42.6,1011.3,579.0
2022-09-24,28.5,24.0,35.0,0.0,,,19.3,48.2,1013.1,584.0
2022-09-25,28.9,24.0,35.0,0.0,,,20.2,48.2,1013.2,565.0
2022-09-26,28.9,24.0,35.5,0.0,,,16.2,42.6,1013.1,555.0
2022-09-27,29.2,24.0,36.0,0.0,,,14.2,37.0,1012.8,572.0
2022-09-28,29.7,24.8,35.4,0.0,,,12.8,40.8,1012.8,554.0
2022-09-29,30.7,25.0,37.2,0.0,,,16.4,48.2,1012.6,546.0
2022-09-30,30.7,26.0,37.4,0.0,,,19.5,53.7,1014.5,528.0
2022-10-01,30.2,25.7,37.0,0.0,,,15.3,42.6,1016.0,558.0
2022-10-02,29.3,24.0,35.5,0.0,,,11.5,38.9,1011.4,540.0
2022-10-03,27.6,24.6,32.0,0.0,,,13.9,37.0,1008.6,486.0
2022-10-04,26.3,22.9,31.0,0.0,,,10.2,31.5,1010.6,475.0
2022-10-05,26.4,22.9,31.0,0.0,,,13.9,38.9,1014.7,477.0
2022-10-06,25.1,22.0,29.0,0.0,,,15.4,38.9,1015.6,462.0
2022-10-07,24.0,21.0,27.6,0.0,,,10.5,33.3,1014.6,458.0
2022-10-08,24.3,21.0,28.0,0.0,,,10.8,35.2,1014.7,431.0
2022-10-09,24.5,21.0,28.0,0.0,,,11.4,35.2,1016.0,434.0
2022-10-10,24.6,21.0,28.7,0.0,,,11.1,37.0,1017.5,434.0
2022-10-11,24.9,20.8,29.0,0.0,,,13.6,38.9,1016.9,393.0
2022-10-12,24.6,21.9,28.0,0.0,,,13.2,38.9,1016.2,338.0
2022-10-13,24.0,20.9,28.0,0.0,,,11.4,38.9,1016.2,381.0
2022-10-14,23.8,20.0,28.0,0.0,,,8.4,33.3,1014.0,405.0
2022-10-15,26.4,20.9,32.0,0.0,,,9.2,31.5,1010.5,417.0
2022-10-16,26.9,24.0,30.0,0.0,,,15.3,38.9,1011.6,472.0
2022-10-17,24.6,22.0,28.0,0.0,,,14.1,38.9,1015.9,431.0
2022-10-18,23.9,20.9,27.2,0.0,,,8.5,31.5,1016.8,401.0
2022-10-19,24.3,21.0,28.0,0.0,,,6.9,29.6,1014.8,387.0
2022-10-20,24.2,21.0,28.0,0.0,,,12.1,33.3,1014.4,385.0
2022-10-21,23.7,20.0,27.6,0.0,,,11.3,33.3,1014.9,380.0
2022-10-22,23.5,20.0,27.1,0.0,,,9.4,29.6,1017.4,372.0
2022-10-23,23.0,20.0,27.5,0.2,,,11.5,31.5,1018.8,337.0
2022-10-24,22.9,20.0,26.3,0.0,,,14.9,38.9,1017.6,329.0
2022-10-25,21.1,16.0,25.1,2.5,,,10.1,35.2,1014.1,216.0
2022-10-26,23.1,16.0,27.0,2.1,,,8.6,27.8,1015.4,255.0
2022-10-27,23.8,20.0,28.0,0.0,,,9.7,35.2,1017.7,283.0
2022-10-28,23.8,20.9,28.0,0.0,,,12.1,37.0,1016.7,286.0
2022-10-29,22.8,17.9,27.0,0.0,,,11.1,33.3,1014.8,325.0
2022-10-30,22.6,19.9,26.3,0.0,,,9.3,29.6,1015.0,311.0
2022-10-31,23.1,19.0,27.0,0.0,,,6.0,29.6,1015.8,373.0
2022-11-01,22.2,19.0,26.0,0.0,,,6.3,29.6,1017.0,374.0
2022-11-02,21.4,18.0,25.0,0.0,,,7.9,33.3,1017.7,389.0
2022-11-03,21.8,18.0,26.0,0.0,,,7.1,29.6,1017.8,376.0
2022-11-04,21.8,18.0,25.4,0.0,,,10.4,31.5,1016.7,369.0
2022-11-05,21.5,18.0,25.0,0.0,,,7.1,25.9,1016.5,429.0
2022-11-06,21.4,17.0,25.0,0.0,,,4.4,24.1,1016.3,464.0
2022-11-07,22.9,19.0,27.7,0.0,,,14.6,38.9,1014.6,478.0
2022-11-08,21.8,19.0,25.0,0.0,,,12.2,31.5,1014.9,376.0
2022-11-09,21.0,18.9,24.0,0.0,,,8.1,31.5,1016.0,357.0
2022-11-10,20.5,17.0,24.0,0.0,,,5.5,25.9,1017.1,442.0
2022-11-11,20.7,17.0,25.0,0.0,,,11.5,38.9,1018.6,406.0
2022-11-12,21.3,17.0,26.0,0.0,,,9.2,33.3,1019.0,429.0
2022-11-13,21.9,17.9,27.0,0.0,,,9.7,31.5,1018.9,461.0
2022-11-14,21.2,18.7,25.0,0.0,,,11.2,33.3,1018.1,406.0
2022-11-15,19.8,17.0,23.0,0.0,,,6.4,27.8,1017.5,431.0
2022-11-16,19.6,16.0,23.0,0.0,,,6.7,25.9,1016.2,444.0
2022-11-17,19.9,16.0,23.0,0.0,,,4.9,22.2,1017.0,464.0
2022-11-18,20.4,17.0,24.6,0.0,,,4.8,22.2,1018.6,484.0
2022-11-19,20.9,16.0,26.0,0.0,,,11.9,35.2,1020.8,523.0
2022-11-20,21.2,16.9,27.0,0.0,,,9.9,33.3,1019.2,493.0
2022-11-21,20.9,16.0,26.4,0.0,,,4.5,22.2,1015.7,443.0
2022-11-22,21.0,18.0,24.2,0.0,,,7.3,27.8,1017.0,449.0
2022-11-23,20.1,16.0,24.0,0.0,,,8.3,22.2,1015.5,488.0
2022-11-24,20.6,17.9,24.0,0.0,,,12.1,31.5,1012.7,421.0
2022-11-25,20.4,18.0,24.0,0.2,,,18.3,38.9,1014.2,381.0
2022-11-26,19.2,17.0,22.0,0.0,,,10.5,22.2,1017.8,353.0
2022-11-27,17.7,15.0,20.4,0.0,,,7.1,24.1,1014.7,312.0
2022-11-28,18.6,14.7,23.0,0.1,,,8.6,24.1,1009.7,320.0
2022-11-29,19.2,15.0,23.0,0.0,,,5.0,22.2,1011.6,470.0
2022-11-30,19.6,15.0,25.0,0.0,,,7.6,16.7,1014.8,467.0
2022-12-01,19.5,14.0,24.8,0.0,,,4.3,18.5,1017.0,470.0
2022-12-02,18.6,13.0,23.6,0.0,,,9.3,31.5,1018.5,460.0
2022-12-03,19.0,16.0,23.3,0.0,,,13.3,33.3,1017.7,371.0
2022-12-04,18.8,15.0,23.0,0.0,,,10.6,27.8,1019.1,402.0
2022-12-05,18.8,16.8,22.0,0.0,,,11.2,27.8,1020.3,400.0
2022-12-06,18.2,14.0,22.0,0.0,,,6.5,24.1,1019.3,385.0
2022-12-07,17.5,14.0,21.0,0.0,,,4.2,16.7,1018.4,440.0
2022-12-08,18.6,14.0,24.2,0.0,,,4.7,16.7,1019.5,482.0
2022-12-09,19.7,14.4,25.0,0.0,,,4.3,18.5,1019.4,490.0
2022-12-10,18.5,14.6,23.2,0.0,,,4.0,16.7,1018.2,475.0
2022-12-11,18.6,14.0,24.0,0.0,,,4.1,22.2,1015.4,490.0
2022-12-12,21.0,18.0,25.4,0.0,,,11.7,37.0,1012.0,452.0
2022-12-13,19.4,16.0,22.0,0.0,,,7.4,22.2,1014.6,367.0
2022-12-14,20.5,18.0,24.0,0.0,,,7.8,29.6,1015.6,401.0
2022-12-15,19.8,16.0,24.0,0.0,,,4.7,18.5,1018.5,463.0
2022-12-16,19.2,15.3,24.0,0.0,,,13.4,33.3,1020.1,449.0
2022-12-17,19.8,17.0,24.0,0.0,,,14.9,37.0,1019.8,411.0
2022-12-18,20.3,17.4,25.0,0.0,,,14.5,33.3,1019.3,427.0
2022-12-19,19.1,16.0,23.2,0.0,,,9.0,29.6,1017.7,416.0
2022-12-20,18.0,14.0,22.0,0.0,,,7.2,25.9,1016.0,397.0
2022-12-21,17.1,15.0,20.0,0.3,,,10.4,25.9,1016.3,404.0
2022-12-22,16.8,14.0,20.0,2.8,,,5.3,20.4,1013.7,322.0
2022-12-23,17.0,15.0,19.5,3.9,,,12.5,27.8,1013.6,323.0
2022-12-24,17.0,14.0,20.0,0.3,,,14.4,35.2,1016.4,379.0
2022-12-25,17.1,14.0,20.1,4.8,,,12.7,31.5,1018.0,371.0
2022-12-26,17.2,14.9,20.0,0.2,,,16.0,33.3,1020.5,371.0
2022-12-27,16.0,12.0,20.0,0.0,,,7.8,24.1,1025.2,413.0
2022-12-28,15.3,11.0,19.2,0.0,,,5.0,18.5,1026.2,488.0
2022-12-29,15.2,10.0,20.0,0.0,,,6.1,20.4,1024.6,465.0
2022-12-30,15.8,11.0,20.0,0.0,,,8.0,25.9,1023.6,422.0
2022-12-31,15.6,11.0,20.2,0.0,,,10.5,35.2,1023.6,458.0
2023-01-01,16.0,12.0,20.1,0.0,,,8.7,31.5,1021.4,367.0
2023-01-02,15.9,12.0,21.0,0.0,,,7.7,24.1,1020.4,414.0
2023-01-03,15.3,11.0,19.0,0.6,,,7.1,25.9,1020.5,444.0
2023-01-04,16.0,13.8,19.0,0.3,,,7.2,29.6,1021.2,353.0
2023-01-05,15.9,12.0,19.0,0.0,,,5.7,24.1,1022.1,434.0
2023-01-06,17.2,14.7,20.0,0.0,,,8.3,24.1,1022.4,424.0
2023-01-07,17.6,14.0,20.0,0.0,,,2.6,20.4,1021.2,366.0
2023-01-08,17.5,14.6,20.0,0.4,,,6.2,27.8,1017.4,398.0
2023-01-09,14.9,13.0,18.0,0.1,,,7.8,24.1,1018.7,323.0
2023-01-10,15.4,11.0,19.1,0.0,,,3.9,18.5,1023.2,470.0
2023-01-11,15.9,11.0,20.0,0.0,,,8.7,25.9,1021.4,387.0
2023-01-12,15.9,13.0,19.0,0.0,,,15.2,37.0,1018.2,418.0
2023-01-13,15.5,12.0,19.0,0.0,,,13.8,35.2,1017.9,374.0
2023-01-14,16.4,13.6,19.0,0.0,,,13.5,35.2,1017.1,391.0
2023-01-15,16.3,13.0,19.0,0.0,,,9.3,31.5,1018.2,390.0
2023-01-16,15.4,13.4,18.0,0.0,,,11.6,31.5,1016.9,308.0
2023-01-17,14.9,10.9,19.0,0.0,,,4.0,20.4,1021.9,493.0
2023-01-18,15.6,10.0,21.0,0.0,,,10.0,29.6,1022.5,533.0
2023-01-19,16.3,11.0,22.0,0.0,,,7.7,27.8,1019.7,531.0
2023-01-20,15.4,10.6,21.0,0.0,,,4.2,22.2,1016.2,536.0
2023-01-21,15.3,10.0,20.0,0.0,,,5.6,22.2,1018.0,533.0
2023-01-22,15.8,11.0,21.0,0.0,,,7.6,27.8,1018.7,528.0
2023-01-23,16.3,12.0,21.0,0.0,,,10.0,35.2,1019.1,458.0
2023-01-24,17.4,15.0,21.1,0.0,,,16.5,37.0,1019.5,443.0
2023-01-25,16.5,13.0,21.0,0.0,,,13.0,35.2,1018.9,484.0
2023-01-26,16.7,11.7,22.0,0.0,,,13.4,37.0,1016.7,548.0
2023-01-27,20.5,12.0,26.2,0.0,,,12.6,44.5,1011.7,479.0
2023-01-28,19.7,16.4,24.3,0.0,,,12.6,27.8,1012.8,462.0
2023-01-29,17.4,14.0,22.0,0.0,,,12.5,37.0,1013.9,433.0
2023-01-30,16.1,12.0,20.0,0.0,,,8.4,27.8,1013.5,506.0
2023-01-31,15.5,12.4,18.0,0.0,,,21.5,42.6,1013.4,425.0
2023-02-01,14.3,12.0,18.0,0.0,,,24.0,53.7,1015.4,447.0
2023-02-02,13.7,10.9,16.0,0.0,,,9.0,25.9,1022.7,405.0
2023-02-03,14.6,10.4,18.0,0.0,,,6.4,22.2,1022.9,483.0
2023-02-04,15.2,12.0,19.0,0.0,,,12.7,31.5,1018.6,456.0
2023-02-05,15.6,12.0,20.0,0.0,,,17.1,48.2,1013.5,430.0
2023-02-06,13.5,12.0,15.2,0.0,,,29.3,51.8,1013.0,421.0
2023-02-07,12.5,10.0,15.0,0.0,,,19.3,37.0,1019.2,362.0
2023-02-08,12.0,10.0,14.0,0.0,,,9.5,24.1,1024.3,374.0
2023-02-09,11.9,8.0,15.0,0.0,,,6.8,25.9,1024.0,486.0
2023-02-10,12.8,8.0,18.0,0.0,,,9.7,27.8,1020.6,550.0
2023-02-11,12.8,9.9,17.0,1.5,,,11.7,29.6,1018.6,418.0
2023-02-12,12.4,8.0,16.0,0.0,,,7.9,25.9,1022.7,444.0
2023-02-13,12.9,9.0,16.6,0.0,,,7.2,27.8,1023.2,477.0
2023-02-14,12.2,8.0,16.0,0.0,,,7.3,27.8,1019.9,470.0
2023-02-15,12.9,9.0,17.0,0.0,,,7.4,27.8,1020.9,435.0
2023-02-16,14.1,11.0,17.0,0.0,,,9.8,24.1,1024.4,437.0
2023-02-17,13.9,9.0,18.0,0.0,,,13.7,37.0,1026.9,510.0
2023-02-18,13.6,9.0,18.0,0.0,,,13.9,38.9,1026.3,571.0
2023-02-19,14.6,11.0,19.0,0.0,,,16.8,38.9,1024.4,560.0
2023-02-20,15.5,13.6,18.0,0.0,,,16.9,29.6,1022.0,520.0
2023-02-21,16.0,13.0,19.0,0.0,,,9.2,27.8,1020.2,533.0
2023-02-22,15.3,11.0,19.0,0.0,,,6.4,24.1,1017.8,543.0
2023-02-23,16.4,13.0,19.2,0.0,,,6.3,24.1,1016.5,449.0
2023-02-24,16.8,10.0,20.0,0.0,,,5.0,22.2,1017.1,491.0
2023-02-25,16.7,12.0,20.1,0.0,,,5.4,24.1,1017.7,551.0
2023-02-26,17.0,12.0,22.0,0.0,,,10.2,29.6,1019.7,616.0
2023-02-27,18.3,12.0,26.0,0.0,,,12.0,33.3,1020.3,618.0
2023-02-28,19.4,13.0,27.3,0.0,,,5.9,22.2,1017.3,616.0
2023-03-01,23.6,15.8,31.0,0.0,,,10.3,20.4,1014.5,622.0
2023-03-02,26.0,18.0,33.0,0.0,,,14.4,42.6,1011.1,596.0
2023-03-03,20.7,16.0,25.1,0.0,,,8.7,27.8,1016.6,593.0
2023-03-04,21.8,15.0,29.1,0.0,,,11.9,29.6,1016.3,618.0
2023-03-05,24.4,17.6,34.1,0.0,,,16.7,51.8,1011.3,543.0
2023-03-06,17.9,15.0,21.0,0.0,,,13.2,29.6,1017.7,564.0
2023-03-07,16.7,13.0,20.1,0.0,,,11.0,29.6,1017.3,522.0
2023-03-08,17.5,13.0,21.0,0.0,,,8.5,24.1,1016.8,588.0
2023-03-09,19.8,14.0,25.0,0.0,,,9.7,27.8,1016.1,531.0
2023-03-10,23.3,18.6,29.0,0.0,,,10.7,27.8,1015.2,631.0
2023-03-11,20.8,16.0,26.0,0.0,,,7.9,24.1,1012.7,621.0
2023-03-12,22.7,18.0,29.0,0.0,,,15.9,42.6,1009.3,579.0
2023-03-13,21.5,17.2,27.0,0.0,,,16.5,46.3,1009.1,480.0
2023-03-14,16.8,15.0,20.0,0.3,,,13.9,27.8,1010.9,345.0
2023-03-15,17.9,14.0,22.0,0.0,,,14.4,33.3,1013.2,542.0
2023-03-16,20.8,15.8,25.0,0.0,,,15.9,42.6,1012.2,620.0
2023-03-17,20.4,15.9,25.2,0.0,,,13.6,38.9,1011.4,566.0
2023-03-18,17.7,14.6,21.0,0.0,,,15.8,44.5,1012.2,432.0
2023-03-19,16.8,14.0,20.1,0.0,,,19.1,48.2,1014.6,446.0
2023-03-20,16.4,14.0,19.5,0.2,,,20.1,40.8,1014.9,365.0
2023-03-21,18.0,13.9,22.0,0.0,,,8.2,22.2,1014.6,574.0
2023-03-22,19.6,14.0,24.0,0.0,,,8.0,25.9,1012.3,505.0
2023-03-23,22.1,18.0,28.0,0.0,,,10.5,27.8,1010.1,318.0
2023-03-24,23.6,19.0,30.1,0.8,,,14.1,33.3,1006.4,455.0
2023-03-25,19.3,16.0,23.0,2.8,,,16.8,33.3,1008.0,326.0
2023-03-26,18.8,15.7,24.0,0.0,,,13.7,31.5,1013.3,539.0
2023-03-27,19.6,15.0,24.4,0.0,,,9.4,31.5,1015.0,637.0
2023-03-28,22.9,16.0,30.0,0.0,,,9.3,31.5,1015.9,676.0
2023-03-29,18.3,14.0,22.2,0.0,,,15.6,37.0,1019.1,599.0
2023-03-30,15.0,12.5,18.0,0.0,,,17.8,38.9,1021.5,552.0
2023-03-31,15.5,11.0,20.0,0.0,,,11.3,29.6,1021.2,612.0
2023-04-01,17.6,12.7,22.0,0.0,,,7.4,24.1,1019.9,688.0
2023-04-02,21.0,14.8,27.0,0.0,,,8.7,27.8,1016.7,703.0
2023-04-03,23.3,15.0,30.6,0.0,,,9.0,25.9,1011.4,700.0
2023-04-04,25.3,14.9,32.3,0.0,,,19.5,44.5,1010.5,660.0
2023-04-05,21.3,18.0,25.0,0.0,,,11.3,33.3,1016.4,691.0
2023-04-06,21.1,15.0,26.0,0.0,,,10.3,27.8,1016.0,702.0
2023-04-07,26.1,20.0,34.4,0.0,,,17.6,42.6,1012.0,619.0
2023-04-08,24.2,17.0,33.0,0.0,,,15.1,35.2,1012.6,568.0
2023-04-09,25.2,18.0,33.0,0.0,,,13.4,35.2,1009.9,295.0
2023-04-10,23.5,17.8,29.0,0.0,,,18.9,40.8,1006.3,521.0
2023-04-11,18.7,15.2,22.0,0.5,,,14.2,37.0,1009.3,431.0
2023-04-12,16.7,14.0,20.1,1.2,,,20.5,48.2,1011.5,396.0
2023-04-13,19.6,15.0,24.8,0.0,,,17.0,37.0,1015.9,615.0
2023-04-14,21.5,16.0,27.0,0.0,,,11.3,29.6,1017.0,675.0
2023-04-15,21.8,16.0,28.0,0.0,,,14.2,37.0,1014.7,680.0
2023-04-16,22.1,15.0,30.0,0.0,,,11.0,33.3,1011.9,717.0
2023-04-17,26.7,18.0,34.3,0.0,,,11.2,29.6,1009.6,722.0
2023-04-18,30.3,22.7,37.0,0.0,,,9.7,27.8,1010.5,686.0
2023-04-19,25.4,19.6,30.0,0.1,,,12.0,38.9,1010.5,468.0
2023-04-20,20.2,17.0,25.0,0.0,,,16.8,37.0,1012.2,623.0
2023-04-21,19.9,16.0,24.3,0.0,,,15.9,38.9,1011.3,663.0
2023-04-22,21.3,15.9,29.0,0.0,,,19.1,40.8,1009.9,658.0
2023-04-23,21.7,17.0,27.0,0.0,,,19.5,38.9,1010.5,408.0
2023-04-24,23.1,16.8,30.0,0.0,,,15.7,37.0,1013.2,701.0
2023-04-25,23.4,17.0,29.0,0.0,,,11.2,33.3,1013.5,724.0
2023-04-26,24.9,20.0,30.0,0.0,,,11.5,35.2,1011.7,721.0
2023-04-27,26.2,20.0,33.0,0.0,,,14.3,38.9,1009.5,630.0
2023-04-28,20.5,17.8,24.8,0.0,,,15.3,38.9,1012.5,584.0
2023-04-29,18.9,16.0,23.0,0.0,,,18.5,40.8,1013.7,606.0
2023-04-30,19.2,15.6,23.4,0.0,,,12.0,31.5,1015.0,668.0
2023-05-01,20.3,15.0,27.0,0.0,,,13.5,37.0,1015.7,739.0
2023-05-02,21.8,16.0,28.0,0.0,,,16.9,40.8,1016.6,735.0
2023-05-03,23.2,17.6,30.0,0.0,,,20.1,44.5,1017.3,731.0
2023-05-04,25.5,18.0,34.0,0.0,,,15.7,37.0,1012.9,727.0
2023-05-05,26.7,22.0,31.0,0.0,,,24.2,51.8,1008.2,613.0
2023-05-06,24.3,20.0,29.0,0.0,,,16.1,40.8,1011.0,541.0
2023-05-07,22.1,18.0,29.0,0.0,,,14.7,31.5,1014.0,554.0
2023-05-08,21.4,18.0,25.0,0.0,,,12.9,35.2,1014.6,593.0
2023-05-09,22.3,17.9,28.0,0.0,,,13.2,33.3,1013.2,709.0
2023-05-10,24.0,18.0,31.2,0.0,,,14.6,40.8,1010.2,716.0
2023-05-11,26.4,19.0,36.0,0.0,,,18.2,40.8,1006.8,531.0
2023-05-12,24.4,20.0,29.2,0.0,,,15.4,37.0,1012.8,666.0
2023-05-13,22.2,17.7,28.0,0.0,,,13.2,35.2,1018.3,729.0
2023-05-14,22.6,17.9,30.0,0.0,,,17.3,40.8,1016.5,683.0
2023-05-15,24.1,18.0,32.2,0.0,,,22.3,48.2,1011.1,696.0
2023-05-16,26.7,19.0,35.0,0.0,,,12.8,38.9,1007.6,699.0
2023-05-17,27.6,22.8,34.0,0.0,,,11.6,37.0,1008.3,729.0
2023-05-18,22.7,18.7,27.1,0.0,,,16.0,37.0,1013.5,662.0
2023-05-19,22.2,18.5,27.0,0.0,,,13.4,33.3,1013.4,681.0
2023-05-20,23.4,18.6,28.2,0.0,,,9.3,27.8,1011.9,703.0
2023-05-21,29.2,21.6,37.0,0.0,,,15.9,33.3,1006.8,669.0
2023-05-22,29.0,24.0,33.0,0.0,,,27.6,48.2,1007.0,686.0
2023-05-23,28.2,21.0,34.0,0.0,,,10.0,29.6,1010.2,714.0
2023-05-24,27.4,21.9,33.0,0.0,,,12.5,35.2,1010.2,717.0
2023-05-25,26.2,20.0,33.0,0.0,,,12.3,37.0,1011.7,740.0
2023-05-26,27.7,21.4,35.1,0.0,,,18.4,46.3,1009.2,291.0
2023-05-27,31.2,27.7,35.1,0.0,,,20.9,40.8,1004.4,492.0
2023-05-28,28.0,24.0,31.2,0.0,,,22.2,38.9,1005.0,535.0
2023-05-29,25.6,20.8,31.0,0.0,,,12.0,31.5,1009.9,662.0
2023-05-30,27.3,22.5,33.0,0.0,,,12.1,37.0,1013.1,601.0
2023-05-31,30.0,23.9,36.4,0.0,,,14.8,33.3,1012.3,664.0
2023-06-01,32.2,29.0,39.0,0.0,,,17.4,33.3,1009.2,318.0
2023-06-02,34.8,21.0,41.0,0.0,,,21.5,48.2,1007.9,581.0
2023-06-03,27.5,21.0,33.0,0.0,,,12.6,38.9,1013.6,670.0
2023-06-04,25.8,21.0,31.7,0.0,,,17.9,37.0,1014.5,654.0
2023-06-05,25.7,21.0,31.1,0.0,,,15.9,37.0,1013.0,717.0
2023-06-06,25.9,20.8,31.2,0.0,,,13.4,33.3,1011.6,703.0
2023-06-07,28.5,21.6,36.2,0.0,,,16.8,42.6,1009.7,665.0
2023-06-08,31.5,25.0,38.0,0.0,,,17.4,35.2,1007.3,315.0
2023-06-09,31.5,26.7,37.0,0.0,,,14.5,38.9,1004.1,526.0
2023-06-10,27.4,22.6,33.0,0.0,,,14.6,33.3,1008.1,675.0
2023-06-11,28.1,23.0,34.0,0.0,,,11.1,33.3,1008.6,735.0
2023-06-12,29.6,25.0,34.1,0.0,,,11.7,33.3,1007.4,737.0
2023-06-13,28.8,24.8,34.0,0.0,,,17.8,50.0,1005.6,539.0
2023-06-14,26.6,22.0,32.0,0.0,,,15.8,35.2,1009.4,672.0
2023-06-15,26.9,22.0,32.0,0.0,,,12.8,33.3,1011.9,718.0
2023-06-16,31.1,22.9,38.0,0.0,,,7.8,25.9,1009.0,732.0
2023-06-17,30.2,26.0,34.0,0.0,,,16.4,35.2,1008.1,716.0
2023-06-18,27.0,22.0,31.0,0.0,,,14.7,35.2,1012.0,743.0
2023-06-19,26.4,22.0,31.0,0.0,,,13.7,33.3,1012.4,694.0
2023-06-20,26.2,22.0,31.0,0.0,,,14.9,35.2,1012.0,674.0
2023-06-21,27.4,22.8,33.0,0.0,,,14.6,35.2,1010.4,678.0
2023-06-22,27.4,22.9,33.0,0.0,,,15.2,37.0,1009.8,702.0
2023-06-23,28.4,23.0,34.0,0.0,,,15.1,38.9,1009.3,722.0
2023-06-24,29.0,23.8,34.0,0.0,,,15.4,38.9,1009.9,734.0
2023-06-25,29.2,23.7,34.2,0.0,,,13.4,33.3,1009.8,749.0
2023-06-26,28.6,24.0,33.5,0.0,,,11.0,33.3,1008.6,746.0
2023-06-27,29.8,24.0,35.0,0.0,,,10.4,35.2,1008.1,744.0
2023-06-28,28.7,24.0,34.0,0.0,,,13.3,37.0,1010.0,728.0
2023-06-29,28.3,23.0,33.0,0.0,,,14.0,35.2,1011.7,732.0
2023-06-30,28.0,23.0,33.2,0.0,,,14.5,38.9,1010.2,711.0
2023-07-01,28.0,23.6,33.1,0.0,,,15.5,42.6,1009.5,722.0
2023-07-02,28.1,24.0,33.0,0.0,,,13.5,37.0,1011.0,735.0
2023-07-03,30.5,24.0,36.1,0.0,,,9.5,31.5,1010.8,738.0
2023-07-04,31.0,25.2,36.0,0.0,,,12.3,31.5,1009.6,734.0
2023-07-05,28.2,24.0,33.0,0.0,,,13.4,31.5,1009.0,715.0
2023-07-06,28.5,24.0,34.0,0.0,,,12.2,29.6,1008.2,704.0
2023-07-07,28.9,24.0,34.0,0.0,,,12.3,37.0,1009.3,698.0
2023-07-08,29.6,25.0,36.0,0.0,,,15.6,42.6,1009.0,705.0
2023-07-09,28.4,25.0,33.0,0.0,,,19.4,42.6,1008.7,676.0
2023-07-10,28.2,23.9,34.0,0.0,,,14.5,35.2,1008.3,691.0
2023-07-11,29.2,25.0,34.0,0.0,,,15.9,38.9,1009.3,682.0
2023-07-12,29.8,25.0,35.0,0.0,,,20.1,42.6,1011.3,710.0
2023-07-13,29.7,24.4,35.0,0.0,,,17.5,40.8,1011.2,715.0
2023-07-14,30.0,24.0,36.0,0.0,,,14.8,37.0,1009.1,716.0
2023-07-15,31.1,25.0,37.0,0.0,,,12.1,33.3,1007.5,717.0
2023-07-16,32.5,26.0,39.0,0.0,,,10.8,29.6,1006.4,713.0
2023-07-17,32.6,27.0,38.0,0.0,,,11.2,31.5,1006.5,718.0
2023-07-18,31.9,26.6,38.0,0.0,,,11.6,31.5,1005.5,715.0
2023-07-19,30.8,25.8,36.2,0.0,,,10.0,29.6,1004.5,717.0
2023-07-20,31.7,27.7,37.0,0.0,,,11.5,29.6,1005.4,724.0
2023-07-21,31.5,27.7,36.0,0.0,,,10.6,31.5,1008.0,727.0
2023-07-22,32.2,26.0,38.0,0.0,,,10.3,33.3,1009.4,718.0
2023-07-23,32.0,26.0,39.0,0.0,,,12.2,37.0,1008.1,693.0
2023-07-24,32.9,27.0,39.0,0.0,,,10.3,31.5,1005.3,700.0
2023-07-25,31.6,26.0,37.1,0.0,,,13.2,29.6,1003.3,693.0
2023-07-26,32.3,26.0,38.6,0.0,,,14.5,29.6,1004.8,697.0
2023-07-27,33.9,28.3,38.0,0.0,,,11.6,29.6,1006.5,709.0
2023-07-28,33.1,28.6,39.0,0.0,,,10.3,31.5,1007.7,719.0
2023-07-29,29.2,25.0,34.0,0.0,,,14.6,38.9,1008.1,695.0
2023-07-30,29.1,25.0,34.1,0.0,,,13.8,37.0,1006.4,690.0
2023-07-31,29.6,25.0,35.0,0.0,,,11.5,27.8,1005.0,685.0
2023-08-01,30.9,25.5,36.0,0.0,,,10.3,29.6,1006.0,714.0
2023-08-02,31.3,27.0,36.0,0.0,,,12.2,29.6,1008.5,722.0
2023-08-03,30.0,25.0,35.0,0.0,,,11.6,33.3,1010.2,711.0
2023-08-04,30.1,25.0,35.0,0.0,,,12.3,33.3,1010.3,707.0
2023-08-05,31.4,26.0,37.0,0.0,,,10.4,37.0,1009.5,703.0
2023-08-06,35.1,29.0,42.0,0.0,,,10.4,33.3,1008.4,698.0
2023-08-07,33.4,29.0,38.0,0.0,,,11.0,33.3,1008.2,698.0
2023-08-08,29.4,26.0,34.0,0.0,,,13.7,31.5,1007.3,673.0
2023-08-09,29.1,25.8,33.1,0.0,,,11.6,27.8,1008.5,660.0
2023-08-10,29.1,26.0,34.0,0.0,,,13.2,35.2,1011.2,669.0
2023-08-11,27.9,24.9,32.0,0.0,,,18.2,38.9,1011.7,651.0
2023-08-12,27.9,25.0,32.0,0.0,,,18.3,42.6,1009.4,643.0
2023-08-13,28.2,25.0,33.0,0.0,,,16.6,35.2,1009.0,627.0
2023-08-14,28.5,24.9,34.0,0.0,,,14.5,35.2,1011.3,649.0
2023-08-15,28.3,25.0,33.0,0.0,,,15.5,37.0,1012.0,657.0
2023-08-16,28.3,25.0,33.0,0.0,,,14.9,33.3,1009.8,638.0
2023-08-17,28.6,25.0,33.0,0.0,,,13.4,33.3,1008.4,650.0
2023-08-18,28.8,25.0,34.0,0.0,,,12.8,29.6,1009.2,640.0
2023-08-19,28.4,25.0,33.0,0.0,,,14.2,31.5,1009.7,658.0
2023-08-20,28.2,24.8,32.1,0.0,,,15.7,31.5,1009.2,665.0
2023-08-21,28.8,25.7,33.0,0.0,,,15.1,33.3,1008.8,650.0
2023-08-22,28.7,25.0,33.0,0.0,,,16.0,33.3,1009.1,663.0
2023-08-23,28.8,24.4,33.9,0.0,,,13.2,31.5,1010.1,667.0
2023-08-24,28.9,24.6,34.0,0.0,,,16.6,37.0,1011.0,663.0
2023-08-25,29.3,24.9,35.0,0.0,,,11.6,42.6,1010.6,665.0
2023-08-26,30.4,25.8,35.3,0.0,,,12.1,40.8,1010.3,659.0
2023-08-27,31.1,26.0,36.0,0.0,,,10.1,33.3,1009.1,670.0
2023-08-28,30.7,26.0,35.0,0.0,,,12.3,35.2,1008.4,667.0
2023-08-29,30.0,26.8,35.0,0.0,,,12.4,35.2,1007.4,656.0
2023-08-30,30.5,25.0,36.2,0.0,,,11.9,33.3,1009.3,671.0
2023-08-31,30.9,27.0,36.0,0.0,,,15.5,35.2,1011.8,661.0
2023-09-01,28.8,25.8,33.3,0.0,,,18.9,38.9,1013.1,637.0
2023-09-02,28.8,25.0,34.0,0.0,,,15.6,37.0,1012.8,634.0
2023-09-03,28.4,25.0,32.5,0.0,,,13.0,29.6,1010.7,602.0
2023-09-04,28.8,25.0,33.0,0.0,,,8.2,24.1,1007.2,610.0
2023-09-05,31.6,26.0,37.0,0.0,,,9.9,25.9,1007.3,645.0
2023-09-06,32.8,27.0,37.3,0.0,,,11.2,25.9,1010.2,633.0
2023-09-07,34.9,28.0,42.5,0.0,,,15.9,33.3,1008.3,618.0
2023-09-08,33.4,30.0,38.0,0.0,,,13.2,31.5,1007.9,657.0
2023-09-09,32.0,27.0,36.0,0.0,,,9.4,35.2,1010.2,658.0
2023-09-10,32.3,27.9,36.3,0.0,,,11.5,33.3,1008.3,633.0
2023-09-11,33.4,29.0,37.0,0.0,,,18.8,27.8,1004.6,627.0
2023-09-12,28.8,25.8,33.0,0.0,,,20.4,31.5,1006.7,614.0
2023-09-13,28.6,25.0,33.0,0.7,,,15.2,31.5,1011.3,627.0
2023-09-14,28.0,24.0,33.0,0.0,,,12.8,35.2,1012.0,639.0
2023-09-15,27.7,24.0,33.0,0.0,,,13.7,,1012.3,
2023-09-16,27.7,24.0,32.0,0.0,,,12.3,,1011.8,
2023-09-17,28.4,23.0,34.0,0.0,,,11.8,,1010.4,
2023-09-18,28.3,24.9,33.4,0.0,,,12.2,,1009.2,
2023-09-19,27.8,24.8,32.0,0.0,,,11.2,,1010.3,
2023-09-20,27.5,24.0,32.0,0.0,,,11.8,,1012.5,
2023-09-21,27.4,23.8,32.0,0.0,,,14.5,,1012.4,
2023-09-22,28.0,24.0,33.0,0.0,,,15.6,,1012.9,
2023-09-23,28.3,23.9,34.0,0.0,,,13.0,,1012.1,
2023-09-24,28.7,24.0,34.0,0.0,,,8.7,,1010.8,
2023-09-25,29.1,24.0,35.0,0.0,,,10.5,,1010.5,
2023-09-26,29.2,24.0,35.0,0.0,,,10.9,,1010.4,
2023-09-27,30.2,24.0,37.0,0.0,,,11.9,,1011.1,
2023-09-28,31.1,24.9,38.0,0.0,,,20.4,,1012.8,
2023-09-29,29.3,24.0,36.0,0.0,,,17.0,,1014.4,
2023-09-30,28.4,24.0,33.0,0.0,,,12.3,,1014.5,
2023-10-01,27.3,25.0,30.0,0.0,,,13.7,,1014.7,
2023-10-02,25.9,24.0,28.0,0.1,,,9.1,,1014.9,
2023-10-03,26.2,23.0,29.0,0.0,,,8.2,,1015.9,
2023-10-04,26.8,24.0,30.0,0.3,,,11.1,,1016.5,
2023-10-05,27.0,23.7,32.0,0.0,,,18.0,,1016.5,
2023-10-06,26.4,23.0,31.0,0.0,,,16.2,,1016.2,
2023-10-07,25.6,22.0,30.0,0.0,,,16.4,,1016.0,
2023-10-08,26.0,22.0,30.0,0.0,,,14.3,,1015.9,
2023-10-09,26.3,22.7,31.0,0.1,,,17.8,,1015.0,
2023-10-10,25.4,22.0,29.0,0.0,,,11.6,,1014.6,
2023-10-11,25.5,22.0,29.0,0.0,,,10.4,,1015.0,
2023-10-12,25.4,22.0,29.0,0.0,,,10.6,,1016.8,
2023-10-13,25.2,22.0,29.0,0.0,,,10.4,,1018.4,
2023-10-14,24.8,21.0,29.0,0.0,,,10.4,,1016.4,
2023-10-15,25.3,22.0,29.0,0.0,,,10.6,,1014.5,
2023-10-16,24.8,21.0,28.0,0.0,,,10.2,,1014.9,
2023-10-17,25.1,22.0,28.0,0.0,,,10.3,,1015.9,
2023-10-18,24.7,21.9,28.0,0.0,,,10.1,,1015.8,
2023-10-19,25.1,21.0,30.0,0.0,,,10.6,,1016.6,
2023-10-20,25.2,20.0,30.0,0.0,,,9.7,,1016.9,
2023-10-21,24.5,21.0,29.0,0.0,,,14.1,,1016.0,
2023-10-22,24.9,20.9,30.0,0.0,,,13.4,,1015.5,
2023-10-23,25.7,22.0,31.0,0.0,,,13.8,,1014.8,
2023-10-24,25.7,22.0,31.0,0.0,,,15.6,,1013.2,
2023-10-25,26.0,22.0,31.1,0.0,,,14.8,,1012.8,
2023-10-26,27.2,22.0,33.0,0.0,,,8.6,,1011.8,
2023-10-27,26.6,24.0,30.0,0.0,,,8.3,,1012.2,
2023-10-28,26.4,23.0,31.0,0.0,,,11.7,,1012.6,
2023-10-29,26.4,23.0,31.1,0.0,,,15.8,,1012.7,
2023-10-30,25.9,22.4,30.0,0.1,,,11.8,,1013.5,
2023-10-31,26.2,23.0,30.0,0.0,,,9.6,,1013.6,
2023-11-01,25.4,22.0,29.0,0.0,,,10.7,,1015.1,
2023-11-02,25.0,21.9,29.0,0.0,,,11.1,,1015.7,
2023-11-03,25.8,21.0,31.0,0.0,,,8.9,,1015.1,
2023-11-04,26.1,20.0,32.1,0.0,,,10.4,,1013.7,
2023-11-05,24.9,20.0,31.0,0.0,,,11.7,,1015.0,
2023-11-06,25.8,19.0,33.0,0.0,,,8.2,,1017.4,
2023-11-07,24.4,20.0,30.0,0.0,,,10.2,,1018.5,
2023-11-08,24.3,21.0,29.0,0.0,,,14.4,,1017.2,
2023-11-09,24.1,21.0,28.0,0.0,,,15.2,,1016.1,
2023-11-10,23.7,20.6,29.0,0.0,,,14.2,,1016.8,
2023-11-11,23.6,20.0,28.0,0.1,,,15.1,,1015.6,
2023-11-12,23.5,21.7,26.0,1.0,,,9.1,,1015.4,
2023-11-13,24.4,21.7,28.0,0.4,,,8.8,,1016.1,
2023-11-14,23.1,20.9,26.5,0.3,,,13.8,,1015.2,
2023-11-15,22.4,19.6,25.0,0.0,,,12.2,,1015.8,
2023-11-16,22.6,19.0,26.0,0.0,,,5.9,,1017.5,
2023-11-17,23.1,20.0,26.1,0.0,,,4.6,,1017.2,
2023-11-18,23.3,20.0,26.0,0.0,,,8.0,,1014.3,
2023-11-19,20.8,17.0,23.7,0.0,,,22.1,,1011.0,
2023-11-20,18.7,16.0,21.0,0.1,,,14.7,,1015.9,
2023-11-21,20.0,16.0,24.0,0.0,,,6.0,,1018.2,
2023-11-22,20.4,16.9,26.0,0.0,,,7.8,,1014.7,
2023-11-23,21.1,16.0,25.0,0.0,,,4.7,,1014.6,
2023-11-24,21.0,16.0,26.0,0.0,,,3.9,,1011.8,
2023-11-25,22.7,17.0,27.0,0.0,,,17.7,,1008.1,
2023-11-26,21.2,18.8,24.0,0.0,,,21.3,,1013.0,
2023-11-27,18.8,16.8,21.2,0.0,,,17.7,,1019.0,
2023-11-28,17.5,14.0,21.0,0.0,,,11.0,,1019.8,
2023-11-29,18.3,14.0,23.0,0.0,,,12.7,,1017.3,
2023-11-30,18.7,14.0,24.0,0.0,,,12.9,,1019.1,
2023-12-01,19.3,15.9,24.0,0.0,,,15.2,,1020.6,
2023-12-02,19.4,16.0,24.0,0.0,,,16.1,,1019.6,
2023-12-03,20.9,17.6,25.0,0.0,,,12.8,,1016.8,
2023-12-04,20.3,17.8,25.0,0.0,,,5.5,,1015.7,
2023-12-05,19.2,16.1,22.0,0.0,,,5.2,,1014.6,
2023-12-06,19.8,17.0,23.0,0.0,,,8.8,,1016.4,
2023-12-07,18.7,14.0,22.1,0.0,,,4.4,,1017.6,
2023-12-08,17.3,13.3,20.4,0.0,,,5.9,,1013.6,
2023-12-09,18.2,15.0,22.0,0.0,,,8.1,,1014.6,
2023-12-10,18.4,13.5,23.0,0.0,,,8.1,,1015.3,
2023-12-11,20.0,16.8,24.0,0.0,,,17.1,,1013.7,
2023-12-12,18.1,15.0,21.0,0.0,,,9.5,,1015.8,
2023-12-13,18.6,16.0,21.0,0.1,,,13.3,,1019.2,
2023-12-14,20.3,17.9,23.0,0.0,,,4.4,,1021.7,
2023-12-15,19.4,15.0,25.0,0.0,,,6.9,,1020.1,
2023-12-16,19.5,15.0,25.0,0.0,,,5.8,,1019.5,
2023-12-17,18.8,14.0,23.0,0.0,,,9.9,,1022.1,
2023-12-18,18.3,15.0,22.0,0.0,,,12.8,,1020.6,
2023-12-19,18.0,15.0,22.0,0.0,,,14.6,,1018.9,
2023-12-20,16.6,13.0,20.1,0.0,,,6.3,,1015.4,
2023-12-21,17.2,15.0,20.0,0.0,,,20.1,,1011.9,
2023-12-22,16.7,13.0,21.0,0.0,,,21.6,,1013.5,
2023-12-23,17.7,14.0,21.0,0.0,,,20.3,,1015.3,
2023-12-24,19.6,17.6,22.0,0.0,,,10.0,,1018.7,
2023-12-25,18.5,15.0,22.0,0.0,,,5.4,,1021.4,
2023-12-26,17.7,14.0,22.0,0.0,,,10.8,,1020.7,
2023-12-27,17.8,14.8,22.0,0.0,,,9.0,,1018.5,
2023-12-28,18.0,16.0,21.0,3.9,,,13.0,,1020.7,
2023-12-29,17.7,15.0,22.0,0.0,,,9.1,,1021.4,
2023-12-30,17.2,13.0,21.0,0.0,,,7.7,,1021.0,
2023-12-31,17.1,13.4,21.0,0.2,,,6.5,,1020.7,
2024-01-01,16.9,13.0,21.0,0.0,,,4.9,,1020.8,
2024-01-02,17.6,14.0,21.0,0.0,,,7.5,,1021.5,
2024-01-03,17.7,14.0,21.0,0.0,,,4.7,,1021.1,
2024-01-04,16.9,13.0,20.0,0.0,,,4.1,,1020.2,
2024-01-05,17.2,12.0,21.0,0.0,,,4.6,,1021.2,
2024-01-06,17.8,13.0,22.0,0.0,,,7.6,,1020.5,
2024-01-07,18.4,13.6,23.1,0.0,,,8.0,,1017.7,
2024-01-08,19.4,15.0,23.3,0.0,,,6.4,,1017.6,
2024-01-09,17.4,14.0,21.0,0.0,,,10.2,,1017.1,
2024-01-10,16.5,13.0,20.0,0.2,,,12.0,,1017.9,
2024-01-11,15.7,13.6,18.0,0.0,,,12.8,,1018.9,
2024-01-12,15.6,12.9,19.0,0.0,,,13.0,,1017.1,
2024-01-13,16.2,13.0,20.0,0.0,,,18.4,,1012.6,
2024-01-14,15.5,13.0,18.0,0.1,,,9.2,,1017.3,
2024-01-15,15.5,12.0,19.0,0.0,,,5.8,,1022.7,
2024-01-16,15.1,10.0,19.0,0.0,,,6.7,,1022.8,
2024-01-17,17.0,13.0,21.2,0.0,,,5.2,,1020.7,
2024-01-18,16.8,11.9,21.0,0.0,,,2.6,,1021.5,
2024-01-19,17.5,13.0,22.0,0.0,,,5.2,,1021.0,
2024-01-20,19.7,14.0,25.0,0.0,,,4.3,,1020.1,
2024-01-21,21.5,17.7,26.0,0.0,,,11.0,,1015.9,
2024-01-22,18.8,16.0,21.0,0.0,,,14.5,,1015.4,
2024-01-23,16.4,14.0,19.0,0.0,,,15.0,,1020.1,
2024-01-24,16.2,14.0,18.0,0.0,,,11.8,,1020.2,
2024-01-25,14.9,12.0,18.2,4.1,,,12.9,,1019.5,
2024-01-26,15.6,13.0,19.1,0.7,,,18.7,,1018.8,
2024-01-27,15.2,13.0,18.0,0.0,,,10.7,,1020.9,
2024-01-28,15.3,13.0,18.0,0.0,,,8.8,,1021.5,
2024-01-29,14.1,12.0,18.0,0.5,,,12.7,,1020.2,
2024-01-30,12.8,10.0,16.4,0.0,,,24.1,,1021.5,
2024-01-31,12.1,10.0,15.5,0.7,,,12.1,,1021.6,
2024-02-01,12.0,8.0,16.0,0.0,,,15.2,,1021.0,
2024-02-02,13.5,11.0,16.6,0.2,,,14.6,,1021.9,
2024-02-03,14.3,11.0,18.0,0.0,,,11.0,,1023.2,
2024-02-04,14.5,11.0,18.0,0.0,,,10.4,,1024.2,
2024-02-05,14.8,11.0,18.1,0.0,,,8.7,,1025.1,
2024-02-06,16.2,11.0,20.1,0.0,,,5.1,,1026.4,
2024-02-07,17.2,13.9,23.0,0.0,,,7.8,,1024.3,
2024-02-08,16.7,11.9,22.0,0.0,,,9.3,,1020.4,
2024-02-09,16.8,12.0,21.0,0.0,,,6.7,,1018.0,
2024-02-10,16.8,12.0,21.0,0.0,,,7.1,,1019.7,
2024-02-11,17.3,12.0,22.3,0.0,,,11.7,,1020.5,
2024-02-12,18.7,14.0,24.0,0.0,,,8.5,,1015.0,
2024-02-13,20.5,16.3,23.0,0.0,,,18.0,,1009.0,
2024-02-14,16.8,14.0,20.1,1.5,,,12.2,,1010.4,
2024-02-15,14.9,13.0,18.0,0.0,,,15.9,,1011.3,
2024-02-16,15.2,10.5,19.0,0.0,,,19.2,,1016.2,
2024-02-17,15.9,12.0,20.0,0.0,,,15.6,,1021.4,
2024-02-18,16.0,12.0,20.0,0.0,,,6.8,,1022.7,
2024-02-19,16.3,14.0,20.0,0.0,,,10.9,,1021.0,
2024-02-20,16.2,12.0,19.8,0.0,,,8.5,,1020.7,
2024-02-21,16.0,12.0,20.0,0.0,,,10.7,,1020.5,
2024-02-22,16.2,12.0,21.0,0.0,,,16.5,,1019.8,
2024-02-23,16.4,13.8,19.0,0.0,,,17.0,,1018.7,
2024-02-24,17.9,15.0,22.0,0.0,,,13.2,,1019.7,
2024-02-25,17.5,13.0,23.0,0.0,,,11.1,,1019.4,
2024-02-26,19.1,13.0,26.0,0.0,,,10.8,,1012.9,
2024-02-27,17.5,15.0,21.0,0.0,,,12.1,,1016.1,
2024-02-28,18.0,14.0,24.0,0.0,,,11.4,,1018.2,
2024-02-29,19.9,13.0,28.0,0.0,,,13.2,,1016.4,
2024-03-01,22.6,15.0,30.0,0.0,,,8.2,,1012.2,
2024-03-02,20.3,16.0,24.0,0.0,,,17.5,,1014.4,
2024-03-03,18.3,15.0,22.0,0.0,,,11.8,,1016.9,
2024-03-04,18.0,14.0,22.0,0.0,,,8.8,,1016.5,
2024-03-05,20.5,14.0,26.0,0.0,,,8.2,,1015.0,
2024-03-06,18.6,15.0,22.0,0.0,,,12.8,,1016.9,
2024-03-07,18.2,15.8,21.0,0.0,,,10.4,,1018.8,
2024-03-08,18.0,14.0,21.4,0.0,,,10.8,,1018.1,
2024-03-09,17.8,13.0,23.0,0.0,,,12.8,,1016.3,
2024-03-10,17.2,13.0,21.0,0.0,,,15.6,,1016.6,
2024-03-11,17.7,13.0,23.5,0.0,,,14.6,,1020.5,
2024-03-12,19.5,13.0,26.0,0.0,,,10.6,,1017.1,
2024-03-13,20.3,15.0,25.0,0.0,,,7.4,,1014.5,
2024-03-14,18.8,16.0,23.0,0.0,,,13.1,,1016.5,
2024-03-15,18.7,14.9,22.0,0.0,,,9.2,,1017.5,
2024-03-16,18.3,15.0,22.0,0.0,,,11.9,,1017.2,
2024-03-17,18.6,15.3,23.7,0.0,,,22.1,,1010.7,
2024-03-18,16.5,14.4,21.1,1.2,,,13.9,,1011.4,
2024-03-19,17.3,13.6,21.9,0.0,,,18.1,,1014.9,
2024-03-20,20.7,16.0,25.7,0.0,,,11.9,,1016.7,
2024-03-21,20.9,14.9,27.0,0.0,,,21.8,,1014.9,
2024-03-22,16.7,13.7,21.0,0.0,,,12.1,,1015.6,
2024-03-23,16.9,13.0,21.0,0.0,,,10.4,,1012.8,
2024-03-24,15.7,14.0,18.0,2.0,,,11.5,,1012.2,
2024-03-25,17.5,13.0,22.0,0.0,,,5.1,,1017.8,
2024-03-26,21.8,17.0,27.0,0.0,,,11.1,,1019.0,
2024-03-27,25.5,19.0,32.0,0.0,,,8.1,,1015.6,
2024-03-28,25.9,19.0,32.0,0.0,,,11.0,,1014.1,
2024-03-29,21.9,18.0,25.0,0.4,,,15.2,,1014.4,
2024-03-30,21.9,17.0,28.0,0.0,,,14.4,,1015.7,
2024-03-31,24.8,18.0,32.0,0.0,,,18.0,,1016.8,
2024-04-01,25.2,20.0,32.0,0.0,,,17.0,,1015.5,
2024-04-02,24.0,19.0,30.0,0.0,,,16.6,,1013.8,
2024-04-03,24.2,18.0,31.0,0.0,,,14.2,,1013.8,
2024-04-04,24.6,18.0,31.0,0.0,,,15.5,,1015.1,
2024-04-05,22.3,18.0,28.0,0.0,,,12.1,,1016.4,
2024-04-06,20.4,17.0,25.2,0.0,,,14.1,,1015.1,
2024-04-07,20.6,17.9,25.0,0.0,,,18.4,,1012.0,
2024-04-08,20.3,17.7,26.0,0.1,,,12.2,,1009.6,
2024-04-09,20.0,16.6,24.0,0.1,,,13.8,,1011.0,
2024-04-10,20.3,16.0,24.8,0.0,,,9.1,,1014.9,
2024-04-11,22.0,17.0,27.0,0.0,,,10.0,,1016.2,
2024-04-12,21.9,17.0,28.0,0.0,,,12.9,,1016.0,
2024-04-13,21.6,17.5,27.0,0.0,,,14.2,,1015.8,
2024-04-14,22.2,18.0,28.0,0.0,,,12.6,,1014.5,
2024-04-15,23.3,18.7,29.0,0.0,,,15.6,,1014.6,
2024-04-16,24.1,17.0,31.0,0.0,,,15.4,,1013.7,
2024-04-17,29.9,20.4,36.0,0.0,,,16.8,,1007.8,
2024-04-18,25.7,22.0,29.0,0.0,,,16.5,,1011.6,
2024-04-19,22.9,19.0,28.0,0.0,,,11.6,,1012.8,
2024-04-20,24.2,18.0,31.0,0.0,,,11.7,,1011.3,
2024-04-21,22.5,18.0,29.0,0.0,,,15.4,,1015.2,
2024-04-22,25.2,18.6,33.3,0.0,,,18.5,,1016.7,
2024-04-23,29.3,20.6,39.0,0.0,,,17.2,,1013.1,
2024-04-24,33.8,24.7,41.0,0.0,,,8.6,,1007.0,
2024-04-25,27.5,22.6,33.0,0.0,,,15.6,,1005.9,
2024-04-26,23.3,19.4,28.6,0.0,,,20.0,,1010.1,
2024-04-27,22.0,17.8,28.0,0.0,,,15.9,,1010.9,
2024-04-28,22.9,18.0,30.0,0.0,,,17.1,,1012.5,
2024-04-29,22.4,18.0,28.1,0.0,,,15.7,,1012.4,
2024-04-30,22.1,18.0,28.0,0.0,,,15.9,,1011.3,
2024-05-01,23.5,19.0,30.0,0.0,,,12.6,,1010.7,
2024-05-02,23.5,18.0,29.2,0.0,,,13.2,,1011.2,
2024-05-03,26.2,22.0,31.7,0.0,,,12.2,,1011.1,
2024-05-04,24.7,19.0,31.0,0.0,,,11.3,,1012.6,
2024-05-05,22.6,19.0,27.0,0.0,,,16.3,,1010.7,
2024-05-06,21.7,18.4,27.0,0.0,,,16.1,,1013.0,
2024-05-07,21.9,17.6,27.0,0.0,,,11.4,,1015.9,
2024-05-08,23.8,18.0,30.0,0.0,,,15.9,,1014.8,
2024-05-09,26.2,18.0,34.1,0.0,,,14.8,,1009.4,
2024-05-10,29.7,26.7,33.0,0.0,,,14.8,,1006.5,
2024-05-11,25.7,21.8,30.0,0.0,,,13.1,,1010.7,
2024-05-12,23.3,19.2,28.0,0.0,,,13.1,,1013.1,
2024-05-13,21.9,18.5,26.3,0.0,,,14.5,,1014.1,
2024-05-14,22.7,18.6,28.0,0.0,,,14.2,,1013.5,
2024-05-15,23.6,18.6,29.0,0.0,,,14.1,,1015.7,
2024-05-16,25.5,19.3,32.0,0.0,,,15.9,,1017.8,
2024-05-17,28.2,21.0,36.0,0.0,,,14.4,,1017.7,
2024-05-18,31.6,24.0,39.0,0.0,,,10.3,,1014.8,
2024-05-19,32.5,27.0,39.0,0.0,,,8.6,,1011.9,
2024-05-20,34.2,28.0,41.0,0.0,,,11.3,,1009.5,
2024-05-21,32.1,26.2,38.0,0.0,,,10.7,,1011.5,
2024-05-22,32.3,26.0,39.0,0.0,,,12.7,,1011.9,
2024-05-23,32.0,27.8,37.0,0.0,,,12.1,,1011.3,
2024-05-24,26.1,21.8,31.0,0.0,,,14.6,,1013.1,
2024-05-25,26.3,21.9,31.3,0.0,,,16.3,,1013.0,
2024-05-26,29.3,22.0,37.0,0.0,,,9.0,,1010.9,
2024-05-27,29.9,24.0,33.0,0.0,,,17.5,,1008.8,
2024-05-28,24.9,21.0,30.1,0.0,,,13.0,,1012.4,
2024-05-29,24.7,21.0,29.2,0.0,,,13.4,,1012.6,
2024-05-30,25.2,20.9,30.0,0.0,,,10.9,,1013.7,
2024-05-31,27.7,21.5,33.2,0.0,,,12.0,,1016.0,
2024-06-01,31.5,25.0,38.0,0.0,,,13.5,,1015.5,
2024-06-02,30.4,25.9,35.0,0.0,,,20.3,,1012.3,
2024-06-03,29.0,23.0,36.0,0.0,,,17.9,,1010.5,
2024-06-04,30.0,23.0,38.0,0.0,,,15.0,,1009.6,
2024-06-05,31.0,25.0,38.2,0.0,,,12.3,,1008.9,
2024-06-06,33.3,26.0,41.0,0.0,,,14.8,,1008.2,
2024-06-07,34.1,27.0,42.0,0.0,,,10.9,,1008.0,
2024-06-08,31.0,26.0,36.3,0.0,,,13.5,,1006.5,
2024-06-09,29.1,23.7,35.5,0.0,,,17.3,,1007.4,
2024-06-10,28.9,23.0,35.5,0.0,,,12.3,,1009.5,
2024-06-11,30.4,24.7,36.0,0.0,,,13.2,,1010.5,
2024-06-12,31.1,25.4,38.0,0.0,,,15.4,,1011.2,
2024-06-13,33.4,26.0,41.0,0.0,,,19.5,,1010.6,
2024-06-14,35.2,28.2,42.0,0.0,,,13.4,,1008.2,
2024-06-15,34.5,28.0,42.0,0.0,,,12.8,,1006.5,
2024-06-16,31.2,26.0,36.6,0.0,,,16.6,,1008.3,
2024-06-17,29.6,25.0,34.1,0.0,,,12.6,,1010.0,
2024-06-18,29.0,24.0,34.1,0.0,,,12.6,,1009.6,
2024-06-19,29.6,24.8,35.4,0.0,,,12.5,,1008.7,
2024-06-20,31.3,25.6,37.0,0.0,,,10.0,,1008.1,
2024-06-21,31.4,26.0,36.6,0.0,,,10.4,,1007.0,
2024-06-22,31.5,27.0,36.1,0.0,,,12.7,,1005.4,
2024-06-23,32.9,26.8,39.0,0.0,,,10.8,,1005.4,
2024-06-24,33.9,28.6,40.0,0.0,,,12.3,,1006.7,
2024-06-25,32.4,27.0,37.2,0.0,,,13.6,,1007.1,
2024-06-26,29.8,24.8,35.0,0.0,,,13.7,,1006.4,
2024-06-27,30.3,24.0,37.0,0.0,,,13.9,,1006.5,
2024-06-28,30.8,25.0,37.0,0.0,,,11.1,,1006.2,
2024-06-29,29.5,25.0,34.9,0.0,,,14.1,,1004.0,
2024-06-30,29.5,25.9,34.0,0.0,,,11.8,,1004.5,
2024-07-01,30.1,25.3,35.4,0.0,,,13.5,,1006.6,
2024-07-02,29.6,24.4,35.2,0.0,,,11.0,,1005.4,
2024-07-03,30.7,25.0,35.2,0.0,,,9.0,,1005.1,
2024-07-04,33.6,28.3,39.0,0.0,,,10.4,,1005.9,
2024-07-05,30.8,26.6,36.0,0.0,,,16.5,,1008.0,
2024-07-06,28.9,26.0,32.3,0.0,,,15.3,,1006.9,
2024-07-07,29.5,25.0,35.0,0.0,,,13.7,,1005.7,
2024-07-08,30.0,25.0,36.0,0.0,,,12.0,,1005.4,
2024-07-09,30.7,26.0,37.0,0.0,,,10.3,,1004.9,
2024-07-10,32.2,26.8,38.0,0.0,,,11.5,,1005.5,
2024-07-11,34.1,28.9,40.0,0.0,,,14.6,,1007.0,
2024-07-12,33.9,29.4,39.0,0.0,,,13.4,,1006.6,
2024-07-13,31.7,27.0,36.1,0.0,,,11.8,,1007.2,
2024-07-14,31.0,26.0,35.0,0.0,,,12.9,,1006.3,
2024-07-15,30.7,26.0,36.0,0.0,,,13.1,,1005.6,
2024-07-16,31.0,26.5,36.0,0.0,,,9.6,,1005.7,
2024-07-17,31.4,27.0,36.0,0.0,,,12.3,,1006.8,
2024-07-18,31.0,26.7,36.0,0.0,,,11.4,,1007.0,
2024-07-19,30.8,26.0,37.0,0.0,,,11.8,,1005.4,
2024-07-20,32.4,28.0,38.0,0.0,,,10.7,,1004.1,
2024-07-21,33.1,28.0,39.0,0.0,,,11.6,,1006.1,
2024-07-22,32.6,27.9,38.0,0.0,,,11.3,,1007.2,
2024-07-23,32.3,28.0,37.3,0.0,,,11.7,,1007.2,
2024-07-24,31.6,26.0,37.1,0.0,,,10.9,,1005.5,
2024-07-25,34.6,29.0,42.0,0.0,,,15.6,,1002.4,
2024-07-26,30.3,26.9,35.0,0.0,,,15.5,,1005.1,
2024-07-27,29.9,26.7,34.0,0.0,,,13.2,,1007.4,
2024-07-28,30.6,26.0,36.0,0.0,,,14.6,,1008.4,
2024-07-29,31.0,27.0,36.0,0.0,,,13.0,,1006.7,
2024-07-30,30.4,25.8,36.0,0.0,,,10.0,,1004.4,
2024-07-31,31.6,26.8,36.1,0.0,,,9.5,,1005.3,
2024-08-01,31.9,28.0,37.0,0.0,,,12.5,,1006.6,
2024-08-02,30.9,26.0,36.0,0.0,,,12.1,,1007.1,
2024-08-03,31.5,27.0,36.0,0.0,,,11.1,,1005.7,
2024-08-04,30.8,27.0,35.0,0.0,,,10.9,,1006.7,
2024-08-05,30.7,26.0,36.0,0.0,,,10.1,,1006.3,
2024-08-06,31.1,26.8,35.2,0.0,,,10.9,,1006.2,
2024-08-07,31.1,26.8,36.2,0.0,,,12.4,,1006.9,
2024-08-08,31.3,27.0,36.3,0.0,,,11.1,,1007.9,
2024-08-09,31.0,26.0,36.0,0.0,,,10.1,,1009.2,
2024-08-10,30.9,26.9,35.0,0.0,,,11.4,,1010.0,
2024-08-11,30.7,26.0,36.0,0.0,,,12.4,,1008.6,
2024-08-12,30.1,23.0,36.0,0.0,,,11.2,,1007.5,
2024-08-13,31.2,27.0,36.0,0.0,,,11.8,,1007.5,
2024-08-14,30.3,26.0,35.0,0.0,,,13.2,,1008.5,
2024-08-15,30.9,26.0,36.2,0.0,,,13.3,,1009.1,
2024-08-16,30.4,25.0,36.0,0.0,,,13.2,,1007.0,
2024-08-17,31.1,27.0,37.0,0.0,,,13.2,,1004.9,
2024-08-18,30.8,26.0,38.0,0.0,,,12.8,,1005.8,
2024-08-19,30.8,26.0,36.0,0.0,,,11.4,,1008.6,
2024-08-20,30.4,26.0,36.0,0.0,,,12.1,,1009.3,
2024-08-21,30.7,25.0,36.0,0.0,,,12.8,,1007.2,
2024-08-22,30.9,26.0,35.3,0.0,,,12.8,,1006.9,
2024-08-23,30.7,27.0,34.0,0.0,,,10.9,,1008.6,
2024-08-24,30.4,26.7,34.0,0.0,,,12.5,,1009.3,
2024-08-25,31.3,26.7,37.0,0.0,,,10.6,,1006.9,
2024-08-26,32.4,27.9,38.0,0.0,,,12.6,,1006.9,
2024-08-27,31.8,28.0,36.1,,,,12.8,,1009.1,
2024-08-28,29.6,27.0,33.0,,,,12.8,,1011.6,
2024-08-29,30.1,25.9,34.4,,,,13.8,,1011.8,
2024-08-30,30.1,26.0,35.0,,,,10.9,,1011.2,
2024-08-31,30.4,26.0,35.1,,,,9.6,,1010.5,
2024-09-01,30.7,26.9,35.0,,,,10.9,,1010.4,
2024-09-02,31.8,27.6,36.7,,,,11.8,,1011.5,
2024-09-03,30.8,27.0,35.0,,,,14.3,,1012.0,
2024-09-04,29.0,25.7,33.0,,,,13.8,,1011.7,
2024-09-05,29.2,26.0,33.3,0.0,,,12.7,,1009.6,
2024-09-06,29.3,26.0,33.1,0.0,,,11.5,,1009.6,
2024-09-07,30.0,26.0,35.0,0.0,,,9.1,,1010.6,
2024-09-08,30.1,26.0,35.0,0.0,,,11.4,,1009.7,
2024-09-09,29.5,26.0,35.0,0.0,,,12.1,,1009.7,
2024-09-10,30.9,25.6,36.0,0.0,,,9.6,,1009.1,
2024-09-11,33.8,28.0,40.0,0.0,,,11.9,,1008.7,
2024-09-12,33.7,29.0,39.0,0.0,,,14.3,,1009.9,
2024-09-13,29.1,26.0,33.0,0.0,,,18.9,,1011.3,
2024-09-14,28.5,25.0,33.0,0.0,,,16.1,,1011.1,
2024-09-15,29.2,25.9,34.0,0.0,,,14.1,,1010.6,
2024-09-16,28.9,26.0,33.0,0.0,,,10.6,,1010.9,
2024-09-17,28.4,25.0,32.0,0.0,,,12.1,,1013.7,
2024-09-18,28.1,24.0,33.0,0.0,,,13.2,,1014.5,
2024-09-19,30.0,24.9,35.0,0.0,,,8.2,,1012.1,
2024-09-20,33.0,28.0,40.0,0.0,,,12.8,,1010.6,
2024-09-21,28.2,25.0,32.0,0.0,,,13.2,,1012.6,
2024-09-22,27.3,24.9,31.0,0.0,,,12.7,,1013.4,
2024-09-23,26.6,23.7,30.0,0.0,,,11.6,,1013.2,
2024-09-24,26.5,22.0,31.0,0.0,,,11.7,,1013.9,
2024-09-25,26.7,23.0,32.0,0.0,,,18.4,,1014.1,
2024-09-26,26.9,22.9,32.0,0.0,,,17.3,,1012.1,
2024-09-27,27.2,23.0,33.0,0.0,,,14.6,,1010.6,
2024-09-28,27.9,23.0,33.0,0.0,,,12.0,,1010.6,
2024-09-29,27.2,23.7,32.0,0.0,,,12.1,,1010.9,
2024-09-30,27.0,23.8,31.3,0.0,,,10.7,,1010.3,
2024-10-01,26.3,23.0,29.5,0.0,,,12.8,,1010.8,
2024-10-02,25.6,23.0,29.0,0.0,,,10.8,,1012.4,
2024-10-03,25.3,22.0,29.0,0.0,,,12.5,,1014.5,
2024-10-04,25.1,21.0,30.0,0.0,,,13.3,,1014.6,
2024-10-05,25.0,20.9,30.0,0.0,,,13.2,,1012.9,
2024-10-06,25.2,21.0,30.0,0.0,,,11.7,,1012.3,
2024-10-07,26.3,21.0,32.0,0.0,,,11.9,,1014.4,
2024-10-08,27.9,22.7,33.0,0.0,,,11.7,,1016.1,
2024-10-09,28.1,23.0,33.0,0.0,,,10.9,,1014.7,
2024-10-10,26.5,23.0,31.0,0.0,,,14.5,,1013.0,
2024-10-11,26.3,21.9,32.0,0.0,,,8.7,,1012.2,
2024-10-12,26.7,22.9,32.0,0.0,,,11.1,,1012.3,
2024-10-13,27.8,22.8,33.5,0.0,,,9.8,,1013.0,
2024-10-14,27.5,24.0,32.0,0.0,,,9.5,,1012.6,
2024-10-15,26.2,22.9,30.6,0.0,,,12.1,,1013.4,
2024-10-16,25.4,22.0,28.5,0.0,,,9.0,,1014.8,
2024-10-17,25.5,22.6,29.0,0.0,,,9.8,,1014.3,
2024-10-18,25.0,22.0,29.0,0.0,,,11.2,,1013.2,
2024-10-19,24.5,21.0,28.1,0.0,,,11.8,,1015.7,
2024-10-20,24.2,21.0,28.4,0.0,,,25.0,,1017.6,
2024-10-21,23.9,21.0,28.0,0.0,,,20.4,,1019.2,
2024-10-22,23.1,19.0,27.0,0.0,,,25.7,,1018.1,
2024-10-23,22.1,15.0,26.8,0.0,,,25.5,,1017.8,
2024-10-24,22.3,17.6,27.3,0.0,,,21.1,,1017.8,
2024-10-25,22.5,18.0,28.0,0.0,,,14.4,,1015.8,
2024-10-26,22.7,18.3,27.1,0.0,,,12.6,,1016.6,
2024-10-27,23.4,19.0,29.0,0.0,,,15.4,,1018.0,
2024-10-28,23.5,19.0,28.7,0.0,,,14.0,,1017.1,
2024-10-29,22.4,19.0,26.6,0.0,,,13.0,,1014.7,
2024-10-30,21.8,18.9,25.0,0.0,,,9.0,,1013.2,
2024-10-31,21.5,18.0,25.0,0.0,,,8.1,,1013.2,
2024-11-01,22.1,19.0,25.6,1.2,,,8.1,,1013.1,
2024-11-02,21.9,19.0,26.0,0.0,,,7.0,,1014.2,
2024-11-03,22.4,19.0,26.1,0.0,,,7.8,,1016.0,
2024-11-04,21.8,19.0,25.0,0.0,,,9.3,,1016.9,
2024-11-05,21.1,17.0,25.0,0.0,,,8.6,,1018.2,
2024-11-06,21.4,17.7,26.0,0.0,,,11.2,,1018.2,
2024-11-07,22.7,18.9,27.0,0.0,,,16.2,,1019.1,
2024-11-08,22.4,19.0,27.0,0.0,,,14.1,,1018.4,
2024-11-09,21.6,18.8,25.0,0.0,,,8.1,,1015.2,
2024-11-10,21.2,19.0,24.0,0.1,,,10.0,,1015.7,
2024-11-11,20.8,18.0,24.0,0.0,,,7.4,,1019.6,
2024-11-12,20.7,17.0,25.0,0.0,,,12.7,,1019.7,
2024-11-13,20.9,17.0,25.3,0.0,,,15.5,,1020.5,
2024-11-14,21.1,17.0,26.0,0.0,,,15.3,,1018.6,
2024-11-15,21.1,17.0,26.0,0.0,,,12.3,,1016.5,
2024-11-16,21.1,17.0,25.0,0.0,,,5.0,,1017.5,
2024-11-17,21.4,17.3,26.0,0.0,,,10.7,,1015.1,
2024-11-18,20.3,18.0,23.0,0.0,,,12.1,,1016.2,
2024-11-19,20.8,17.0,25.0,0.0,,,11.0,,1018.2,
2024-11-20,21.3,18.0,25.0,0.0,,,8.9,,1017.8,
2024-11-21,21.1,17.0,26.0,0.0,,,5.6,,1018.1,
2024-11-22,21.9,17.6,27.0,0.0,,,8.4,,1018.6,
2024-11-23,21.2,17.0,26.0,0.0,,,7.2,,1018.2,
2024-11-24,17.8,14.8,20.0,0.4,,,17.8,,1018.3,
2024-11-25,16.0,14.0,18.0,0.0,,,14.7,,1018.0,
2024-11-26,15.6,13.0,18.0,0.0,,,14.4,,1019.6,
2024-11-27,16.6,12.0,20.0,0.0,,,4.7,,1022.4,
2024-11-28,17.4,13.0,21.1,0.0,,,7.2,,1022.5,
2024-11-29,17.5,14.0,21.0,0.0,,,6.4,,1022.1,
2024-11-30,18.2,15.0,22.0,0.0,,,12.5,,1022.0,
2024-12-01,17.3,13.0,22.0,0.0,,,13.9,,1020.3,
2024-12-02,17.4,13.0,22.0,0.0,,,10.9,,1017.4,
2024-12-03,18.1,13.0,22.0,0.0,,,6.9,,1016.7,
2024-12-04,18.8,15.0,22.2,0.0,,,9.9,,1018.2,
2024-12-05,17.8,14.0,22.0,0.0,,,7.3,,1019.0,
2024-12-06,18.6,14.7,22.7,0.0,,,4.1,,1017.2,
2024-12-07,19.0,16.0,22.2,0.0,,,4.6,,1018.5,
2024-12-08,18.8,14.0,23.0,0.0,,,5.8,,1020.1,
2024-12-09,18.0,13.0,23.0,0.0,,,5.9,,1022.9,
2024-12-10,17.8,13.0,23.0,,,,10.8,,1021.7,
2024-12-11,17.5,13.8,22.0,,,,9.4,,1020.7,
2024-12-12,18.5,15.0,22.0,,,,11.6,,1020.1,
2024-12-13,17.6,15.0,21.0,,,,12.2,,1021.5,
2024-12-14,16.8,14.0,21.0,0.0,,,11.3,,1024.6,
2024-12-15,16.0,11.0,21.0,0.0,,,12.2,,1024.6,
2024-12-16,15.6,11.0,20.1,0.0,,,8.6,,1023.3,
2024-12-17,16.4,12.7,21.0,0.0,,,9.0,,1023.6,
2024-12-18,17.1,13.7,22.0,0.0,,,12.4,,1020.2,
2024-12-19,16.6,13.0,21.0,0.0,,,9.4,,1015.1,
2024-12-20,16.9,14.0,21.0,0.7,,,14.3,,1018.0,
2024-12-21,17.7,14.6,21.0,0.0,,,8.2,,1021.9,
2024-12-22,17.7,14.0,21.0,0.0,,,5.7,,1019.8,
2024-12-23,16.8,14.0,20.6,0.0,,,12.4,,1015.5,
2024-12-24,16.1,13.0,20.0,0.0,,,12.4,,1017.0,
2024-12-25,16.8,13.7,20.7,0.0,,,18.5,,1014.5,
2024-12-26,14.1,11.8,16.2,0.0,,,15.5,,1016.4,
2024-12-27,13.7,10.6,17.0,0.0,,,18.9,,1016.4,
2024-12-28,14.4,11.0,18.0,0.0,,,17.4,,1019.4,
2024-12-29,15.5,13.0,18.6,0.0,,,16.8,,1020.9,
2024-12-30,14.6,11.9,18.0,0.0,,,13.6,,1022.4,
2024-12-31,14.6,12.0,17.0,0.0,,,12.4,,1024.8,
